:020000040800F2
:10000000A06B0020550200084B68000883550008CB
:1000100049680008F91E000815810008000000006A
:100020000000000000000000000000009D0100082A
:10003000A120000800000000F10100086D7900080F
:100040006F0200086F0200086F0200086F020008CC
:100050006F0200086F0200086F0200086F020008BC
:100060006F0200086F0200086F0200086F020008AC
:100070006F0200086F0200086F0200086F0200089C
:100080006F0200086F020008DD1600086F0200080A
:100090006F0200086F0200086F0200086F0200087C
:1000A0006F0200086F0200086F0200086F0200086C
:1000B0006F0200086F0200086F0200086F0200085C
:1000C0006F0200086F0200086F0200086F0200084C
:1000D0006F020008E17F0008ED7F00086F02000852
:1000E0006F0200086F0200086F0200086F0200082C
:1000F0006F0200086F0200086F0200086F0200081C
:100100006F0200086F0200086F0200086F0200080B
:10011000F57C0008017D00086F0200080D7A0008D8
:100120006F0200086F0200086F0200086F020008EB
:100130006F0200086F0200086F0200086F020008DB
:100140006F0200086F0200086F0200086F020008CB
:100150006F0200086F0200086F020008F97F0008B4
:100160006F0200086F0200086F0200086F020008AB
:100170006F0200086F0200086F0200080000000014
:100180006F0200086F020008DFF80CD001F024F8BD
:100190000048004755CA0008A06B00202A4B196888
:1001A0000868B0E8F04F80F30988BFF36F8F4FF015
:1001B000000080F3118870470000000006480068C6
:1001C000006880F3088862B661B6BFF34F8FBFF353
:1001D0006F8F00DF00BF00BF08ED00E0DFF80C000C
:1001E000016841F470010160704700BF88ED00E0D4
:1001F000EFF30980BFF36F8F134B1A681EF0100FD7
:1002000008BF20ED108A20E9F04F106008B44FF0CD
:10021000500080F31188BFF34F8FBFF36F8F0EF044
:100220008BFC4FF0000080F3118808BC1968086847
:10023000B0E8F04F1EF0100F08BFB0EC108A80F34A
:100240000988BFF36F8F704734020020EFF30580F9
:10025000704700000648804706480047FEE7FEE773
:10026000FEE7FEE7FEE7FEE7FEE7FEE7FEE7FEE766
:10027000FD790008890100082DE9F05F054600209E
:1002800092469B4688460646814640241BE0284607
:1002900041464746224600F05FFD53465A46C01A83
:1002A000914110D311461846224600F046FD2D1A02
:1002B00067EB01084F4622460120002100F03DFD7A
:1002C00017EB00094E41201EA4F10104DFDC484673
:1002D00031462A464346BDE8F09F2DE9F04100240F
:1002E000061B254671F1000605DA01240027D0EB34
:1002F000070067EB0101161E73F1000605DA0027FF
:10030000D2EB0702012567EB0303FFF7B5FF864633
:100310000E4617469C46AC4204D00025D0EB050E95
:1003200065EB010624B10020D2EB000760EB030C63
:10033000704631463A466346BDE8F08110B5431A2F
:10034000934209D28318881803E010F8011D03F8BE
:10035000011D521EF9D210BD40EA01039B0703D0D4
:1003600009E008C9121F08C0042AFAD203E011F8F4
:10037000013B00F8013B521EF9D210BDD2B201E0A0
:1003800000F8012B491EFBD270470022F6E710B59A
:1003900013460A4604461946FFF7F0FF204610BDF3
:1003A00030B505462A460B4612F8010B13F8014BEF
:1003B00008B1A042F8D01CB1002802D06D1CF1E7B2
:1003C000284630BD10B5044604E00B7800F8013B28
:1003D00003B1491C521EF8D2204610BDCAB2401EBD
:1003E00010F8011F8A4202D00029F9D1002070477D
:1003F000421C10F8011B0029FBD1801A704710B570
:10040000002200E0521C835C8C5CA34201D1002BD3
:10041000F8D1D8B2E1B2401A10BD30B50446002080
:10042000034600E05B1C934203D2E05CCD5C401BC2
:10043000F8D030BD034611F8012B00F8012B002A3B
:10044000F9D11846704730B505460020034600E054
:100450005B1C934205D2EC5CC85C201A01D1002CD5
:10046000F6D130BD0FB400B58DB010A909900B9036
:1004700000914FF0FF300A9000200C900548069044
:10048000054807906A4609A80F9900F09BFC0DB03B
:100490005DF814FBE10D0008FF0D00082DE9FF5F7A
:1004A0001D464FF0FF3BD5E9014691465F464FF0B0
:1004B0000008A9697F1C01988847296A82468847F5
:1004C0000028F6D1BAF1FF3F0CD024F4C064002E0E
:1004D00019DD600614D5BAF12B0F09D0BAF12D0F32
:1004E0000ED103E0584604B0BDE8F09F44F48064A8
:1004F000A9697F1C01988847761E8246002E02DD7E
:10050000BAF1300F03D0B9F1000F26D032E0A9695B
:10051000761E44F400747F1C019888478246002EA2
:1005200005DDBAF1780F06D0BAF1580F03D0B9F152
:10053000000F10D01EE0B9F1000F02D0B9F1100F7A
:1005400018D1A969761E24F400747F1C019888478D
:100550008246102002E0082000E00A20814609E0DF
:1005600008FB0908A969761E44F400747F1C0198F1
:1005700088478246002E05DD4946504600F00EFCB5
:100580000028EDDAE96901988847A00502D46FF0E8
:100590000100A8E7E00725D1600613D5600502D564
:1005A000C8F1000000E0404629680A1D2A60096879
:1005B000220501D5087015E0220701D5088011E059
:1005C00008600FE02868011D29600068210502D538
:1005D00080F8008006E0210702D5A0F8008001E045
:1005E000C0F8008038467EE72DE9FF5FD2E901A719
:1005F0004FF00008916999461446DDF838B0464638
:1006000001988847054659EA0B0005D009E0A16921
:10061000761C019888470546216A284688470028A5
:10062000F5D1681C03D05FEACA7005D015E04FF021
:10063000FF3004B0BDE8F09F2068011D2160D0F8B4
:1006400000800AE05FEACA7001D108F8015BA16985
:10065000761C7F1E019888470546002F1ADD681C0E
:1006600018D0B9F1000F0DD0E81705EBD06042119A
:1006700020F01F0059F822102A1A01209040014250
:10068000E0D107E0BBF1000FDCD1216A28468847A2
:100690000028D7D0E16901988847BBF1000F07D146
:1006A000002E05DD5FEACA7002D1002188F8001033
:1006B000A068B84203DDBBF1000F03D017B16FF0A3
:1006C0000100B6E73046B4E72DE9FF4F087883B064
:1006D0009946FF2805D0491C2D2804D0002400206D
:1006E00008E000200BE00124F9E700EB800003EBB9
:1006F0004000491C0B78FF2BF7D104B14042002386
:100700000293147819461D462D2C01D02B2C04D1B0
:10071000521C2D2C13D000240294AA461478FF2CCE
:100720000FD00A25A3FB057801FB05814FF0000CD3
:1007300003FB0C11521CE3194AEB0101EEE7012403
:10074000EAE7814453EA010002D019F5C87F06DACE
:1007500003980021C0E9001107B0BDE8F08F002523
:10076000AE4E2F46DFF8B882184600F0F9FCCDE90E
:100770000001B9F1000002DAC9F1000400E004460A
:100780000023A74A1AEB030B42EB045A12E0E007DE
:1007900007D02A4633463846414600F0F9F9074665
:1007A00088462A4633461046194600F0F1F90546B8
:1007B0000E466410002CEAD1DDE90001B9F1000F0A
:1007C0005A46534606DA00F045FC3A46434600F0E6
:1007D00041FC05E000F0DCF93A46434600F0D8F968
:1007E000029A0AB181F00041039AC2E90001B3E71D
:1007F0002DE9FF4F1F468DB0D7E901464FF0FF3876
:100800002E2045464FF000090B90B9696D1C0E98DB
:100810008847396A824688470028F6D1BAF1FF3FF7
:100820000AD024F4D064002E11DDBAF12B0F08D0C9
:10083000BAF12D0F0BD102E0404611B08DE744F420
:100840008064B9696D1C0E9888478246761E694699
:10085000600501D52D2000E02B208DF8000001F16E
:10086000010B0DF1200809E0B9696D1C0E9888474D
:1008700082460F9844F40074761E0560002E02DD57
:10088000BAF1300FF0D00B998A453ED144F0800484
:1008900006E00F99681CA9F1010944F4007408608E
:1008A000B9696D1C761E0E98884782463028F0D0B4
:1008B0002BE00B998A4505D1200603D444F080042F
:1008C000761E18E0504609F07DFF08B30DF11301C4
:1008D000761E44F400748B4508D2AAF130000BF860
:1008E000010B200607D5A9F1010003E0200602D480
:1008F00009F101008146A00502D50F99681C086026
:10090000B9696D1C0E9888478246002ED1DC53E0F1
:10091000002E51DDBAF1650F02D0BAF1450F4BD16F
:10092000A00549D5B9696D1C24F44074761E0E9853
:1009300088478246002E0CDD2B2804D0BAF12D0FFB
:1009400007D144F48074B9696D1C0E9888478246BB
:10095000761EE00501D52D2100E02B2108F8011BB2
:10096000CDF82C8021E00DF12901761E44F40074AD
:1009700088450CD2AAF1300010F0FF0088F8000082
:1009800002D10B99884509D908F1010806E0E00574
:1009900001D5244801E042F20F708146B9696D1C0F
:1009A0000E98884782460F980560002E04DD504659
:1009B00009F008FF0028D6D1F9690E988847FF2072
:1009C0008BF8000088F800000020069007904B4646
:1009D0006A4608A906A8FFF777FEA00502D46FF0C3
:1009E00001002AE714F0240F0AD0E00714D1DDE952
:1009F00006123868031D3B600068C0E900120BE076
:100A0000DDE9060100F067F90146E00704D1386826
:100A1000021D3A600068016028460EE7000014409D
:100A20000000F03FF1D8FFFF70B5064607F040FF29
:100A3000046805460A220021304600F03FFA2C6087
:100A400070BD2DE9FE4F804681EA0300C00F0C46C1
:100A5000009021F0004123F00045B8EB0200A941CD
:100A600005D24046214690461C460B46024623F0DE
:100A70000040104347D0270DC7F30A00C3F30A51C3
:100A80000290401A019040286BDAC3F3130040F43F
:100A9000801B0098924620B10023D2EB030A63EB3F
:100AA0000B0B01985946C0F14002504600F045F941
:100AB00006460D4650465946019A00F05DF910EB86
:100AC00008006141002487EA115284EAE7731A435F
:100AD00040D0009A62B3019A012A4FEA075215DC0E
:100AE000001B61EB02014FF0004202EA0752CDE920
:100AF0000042001C41F5801132462B4600F05CFAA2
:100B000003B0BDE8F08F40462146F9E7001B61EBDA
:100B10000201001C41F5801300185B412018A2F56A
:100B2000001747EB030140EAD570B6196D4111E09B
:100B30006D084FEA360645EAC0754FEA0752001BBA
:100B400061EB0201001C41F5801149084FEA3000B9
:100B50000019514132462B4603B0BDE8F04F00F07A
:100B60001CBA0098012240000023D0EB020263EB84
:100B7000E073009821464FEAE074B8EB000061EBA7
:100B80000401E9E783F000435BE781F0004158E7A7
:100B90002DE9FE4F81EA030404F0004421F00041F6
:100BA00000944FF0000B23F0004350EA01045ED0A4
:100BB00052EA03045BD0C3F30A54C1F30A552C4430
:100BC000A4F2F3340194A0FB0254C1F3130141F4E5
:100BD0008011C3F3130343F4801301FB024400FBB1
:100BE000034E840A970A44EA815447EA8357A4FBD8
:100BF000076802958D0A05FB07854FEA932C04FBD5
:100C00000C542705029D4FEA065847EA1637B5EB04
:100C100008056EEB070C870E920E47EA811742EA31
:100C20008312A7FB0201B6EB0B0164EB00042B0D52
:100C300043EA0C335E1844EB1C50DA465146E7FB9E
:100C40000201C5F313044FEA0B3343EA14534FEA8E
:100C50000432019C43EA0603A4F10C040294009CB4
:100C6000CDE900B400F0A8F903B0BDE8F08F002092
:100C70000146F9E70EB5C10F80EAE0700844CA07E3
:100C8000002140F233438DE80E000A460B4600F087
:100C900093F903B000BD0EB540F23341029100213B
:100CA000CDE900110A460B4600F086F903B000BDFD
:100CB00000F0004230F000400AD0C10D01F5607133
:100CC000C0F3160042EA0151C208400711437047C1
:100CD00000200146704701F0004330B421F000418C
:100CE00050EA010206D00A0DA2F56072C1F31301A9
:100CF000002A02DC30BC00207047440F44EAC104E3
:100D0000C100E01830BC00EBC25000F00FB930B5A4
:100D10000B46014600202022012409E021FA02F5B9
:100D20009D4205D303FA02F5491B04FA02F5284453
:100D3000151EA2F10102F1DC30BD202A04DB203AAD
:100D400000FA02F1002070479140C2F1200320FA1E
:100D500003F3194390407047202A04DB203A21FA1C
:100D600002F00021704721FA02F3D040C2F12002C4
:100D70009140084319467047202A06DBCB17203ADA
:100D800041FA02F043EAE07306E041FA02F3D04090
:100D9000C2F1200291400843194670473A2800D218
:100DA000303820F02002412A01D3A2F137008842D6
:100DB00001D34FF0FF30704702681144137801608F
:100DC00018467047D16004495161044911620021FD
:100DD0001161114600F020BAB90D00080512000893
:100DE000426842B1016811F8013B23B1521EC0E9CB
:100DF0000012184670470121C160881E7047426882
:100E00005AB1C368016843B983688B4205D0491E53
:100E1000521CC0E90012002070474FF0FF307047AD
:100E20000FB4002300B589B00CA900910B996FF0A5
:100E30000042CB601E4B06931E4B07930423CDE963
:100E400001321D4A089202466B460020FFF7D0FC93
:100E500009B05DF814FB70B586B006464FF0FF3060
:100E60000091CDE90101002015460C460490324660
:100E7000694604A8FFF7D4FF02460498211825B15B
:100E800008B1084600E020462860049800280DD0EC
:100E9000002A02DD0098884208D0081B0094CDE9A2
:100EA00001043246694604A8FFF7BAFF06B070BDD8
:100EB000E10D0008FF0D0008051200082DE9F047BC
:100EC00091460F4680460446002614F8015B2DB17A
:100ED00000F094F90068405DC007F6D12B2D02D0D8
:100EE0002D2D18D0641E4A463946204600F02AFBB4
:100EF00027B13968A14201D1C7F8008071054FF0D0
:100F000002040BD54042002803DD07F0D1FC046049
:100F1000A007BDE8F08746F48066E4E70028F8DA29
:100F200007F0C6FC04606FF00040F2E70029A8BF9C
:100F30007047401C490008BF20F00100704710B402
:100F4000B0FA80FC00FA0CF050EA010404BF10BCB7
:100F5000704749B1CCF1200421FA04F411FA0CF1E4
:100F600018BF012121430843A3EB0C01CB1D4FEA1D
:100F700000614FEA102042BF002010BC704700EB18
:100F8000C35010440029A4BF10BC7047401C490046
:100F900008BF20F0010010BC704710B5141E73F19B
:100FA000000408DA401C41F1000192185B411A4329
:100FB00001D120F0010010BD2DE9F04D92469B4675
:100FC00011B1B1FA81F202E0B0FA80F2203290461B
:100FD000FFF7B3FE04460F4640EA0A0041EA0B0160
:100FE00053465A46084313D0114653EA010019D01C
:100FF000C8F140025046FFF7AFFE05460E46504688
:1010000059464246FFF799FE084305D0012004E007
:1010100020463946BDE8F08D0020054346EAE076DB
:101020002C4337430A986305E40AA0EB080000222A
:10103000FD0A44EA47540A3002D500200146E9E798
:10104000010510196941DDE9084500196941BDE84C
:10105000F04DA2E72DE9F04D81EA030404F0004BC6
:1010600021F0004514464FF0000A23F0004150EAF9
:10107000050220D054EA01021DD0C5F30A570246EA
:10108000C5F31303C1F31300C1F30A5640F48015EE
:1010900043F48013A7EB0608101BD64608F2FD3870
:1010A00073EB050002D308F1010801E092185B41DF
:1010B000B8F1000F03DA00200146BDE8F08D0020F2
:1010C0004FF48011064684460EE0171B73EB0507AC
:1010D00005D3121B63EB050306434CEA010C4908D8
:1010E0004FEA300092185B4150EA0107EDD152EA15
:1010F000030012D082EA040083EA0501084305D008
:10110000101BAB4106D20122002306E000224FF063
:10111000004302E06FF0010253101AEB06004CEBA3
:10112000085110EB0A0041EB0B01BDE8F04DFFF751
:1011300034BF70B521F0004303430CD0C1F30A550E
:101140000024D5EB040564EB0403D617AD1AB341B4
:1011500002DB0020014670BD201841EB025170BD3A
:101160000EB540F2334202920022CDE9002213462E
:10117000FFF722FF03B000BDC1F30A52C1F3130110
:1011800040F2FF3341F480119A4202DA0020014616
:10119000704740F233439A42A2F2334202DC524299
:1011A000FFF7DABDFFF7C9BD30B5041E71F10004C9
:1011B00004DB4FF00044404264EB0101141E73F164
:1011C000000405DB1C464FF00043524263EB04036E
:1011D000994208BF904230BD064C074D06E0E068DA
:1011E00040F0010394E8070098471034AC42F6D36E
:1011F000FEF7CEFF8C1B0108AC1B010800487047AE
:10120000D41A010810B50446FFF7F8FF0068005D26
:1012100000F0010010BD00002DE9F34F8BB04FF03E
:10122000000801F10C000C464FF0010B46460DF191
:10123000080A01906269012101989047051E2DD08E
:10124000252D2CD0216A8847C0B1626901210198FF
:101250009047216A88470028F7D1411E62690198AA
:10126000904700E0761CA1690B988847216A88475F
:101270000028F7D1E1690B988847DBE7A1690B9853
:1012800088470746A84201D1761CD3E7E1690B984D
:1012900088477F1C02D1B8F1000F6FD046E10027CC
:1012A00062693D463946019890472A2804D162690F
:1012B0000121019890470125DFF88492626901219C
:1012C00001989047A0F130010A290AD24F45E5DC88
:1012D00007EB870100EB4107303FDFD445F01005F5
:1012E000ECE7E90601D46FF000476C280AD04C28DF
:1012F00014D0682815D06A280DD074281CD07A28FC
:101300001AD01DE062690121019890476C2802D033
:1013100045F0040514E045F002050DE045F0200518
:101320000AE06269012101989047682802D045F0DF
:10133000080505E045F400656269012101989047C0
:10134000C4E9015765283DD019DC58287AD00CDC57
:10135000452837D004DC252826D0412831D131E07A
:1013600046282FD047282CD12CE05B2877D0612845
:1013700028D063287CD0642823D15AE0D0E06F289D
:1013800048D008DC66281DD067281BD0692821D0EA
:101390006E2816D127E0702845D0732868D07528AC
:1013A00047D078280DD14DE0A1690B9888470546B4
:1013B00025283FF469AFE1690B9888476D1C3FF41D
:1013C0006AAFB3E023466A466FF001000B99FFF75E
:1013D0000FFA9EE045F040006060A80723464FF0FA
:1013E000000236D43EE0E8077FF447AF2068011DD5
:1013F00021600068290501D506701BE7290701D582
:10140000068017E7A90703D5F117C0E9006111E7C6
:1014100006600FE745F040006060A80723464FF0E4
:10142000080216D41EE040F60E0125EA01006060B5
:1014300016E045F040006060A80723464FF00A021E
:1014400007D40FE045F040006060A80708D52346A8
:1014500010226FF001000B99AFF3008059E007E014
:10146000234610226FF001000B99FFF717F850E0A8
:101470004FF000094F464B46632802D05B2806D048
:1014800040E0E80601D40120A06001273AE062694B
:101490000121019890475E2805D14FF0010962694A
:1014A000494601989047216939B900210A465346B7
:1014B00043F82120491C0829FADBB0B3216969B936
:1014C000C11700EBD16253110AEB830122F01F0216
:1014D000821A01200B68904003430B60626901216E
:1014E000019890475D28E8D1B9F1000F09D000209C
:1014F000514651F82020D24341F82020401C0828B2
:10150000F7DB02AB224600976FF001000B99FFF763
:101510006BF800280CDA401C08D1BBF1000F05D095
:101520004FF0FF300DB0BDE8F08FFFE74046F9E720
:10153000E90701D108F1010806444FF0000B79E6F4
:10154000CCCCCC0C2DE9F05F824600780027154604
:101550008B460AF10104B946302801D09DB113E051
:1015600014F8010B0127782803D0582801D045B181
:101570000AE00DB1102D07D10027102514F8010B3A
:1015800002E0082500E00A250026B0460EE005FB33
:10159000080005FB06F1012701EB10461FFA80F851
:1015A000B6F5803F00D3B94614F8010B2946FFF782
:1015B000F5FB0028EBDABBF1000F05D00FB1641E7C
:1015C00000E05446CBF80040B9F1000F06D007F018
:1015D0006FF902210160C81EBDE8F09F48EA06408D
:1015E000FAE72DE9F04D00231A461B1A8A4103DB66
:1015F00000200146BDE8F08DC1F30A52C1F313018A
:1016000041F480154FF0000BD10702D100186D4155
:10161000521E0027044640F2FF11384601EB620AD1
:101620003E468046024600204FF48011FFF794FBAF
:10163000C2197141BB1846EB0100B4EB030C75EB0A
:10164000000C04D3E41A65EB000517460E46241976
:1016500008F101006D4180463428E3DDF91946EBBD
:101660000600091BA84103D24FF0FF32134601E0E8
:10167000002213461BEB070046EB0A51BDE8F04D74
:10168000FFF78BBC70B58C1810F8015B15F00703E1
:1016900001D110F8013B2A1106D110F8012B03E00B
:1016A00010F8016B01F8016B5B1EF9D12B0705D413
:1016B0000023521E0DD401F8013BFAE710F8013B5C
:1016C000CB1A921C03E013F8015B01F8015B521E78
:1016D000F9D5A142D8D3002070BD0000014801F027
:1016E00000BF0000C4020020464910B54A6822F439
:1016F00040324A604A6843681A434A6001684A684F
:1017000022F480724A6001684A68036942EA03224F
:101710004A6001684A6822F040724A6001684A687B
:1017200083681A434A6001688A6822F400628A600A
:1017300001688A68C3681A438A60816A6FF07062C0
:10174000D14201688A6822F070628A6001688A6802
:101750000CD0836A1A438A6001688A6822F040527A
:101760008A6001688A68C36A1A4301E022F0405225
:101770008A6001688A6822F002028A6001688A68C9
:10178000037E42EA43028A6090F820100029016833
:101790004A680FD042F400624A6001684A6822F445
:1017A00060424A6001684A68174C436A04EB43335D
:1017B0001A4301E022F400624A600168CA6A22F416
:1017C0007002CA620168CA6A838B104C04EB03532F
:1017D0001A43CA6201688A6822F400728A6001684A
:1017E0008A6890F8303042EA43228A6001688A6849
:1017F00022F480628A6001688A68406942EA802037
:10180000886010BD0023014000E0FFFF0000F0FFF2
:101810002DE9FC4137489FED381A9FED380AD0ED8D
:10182000000A10EE810AF3EE0B0A80EE201ABDEEDC
:10183000C10A10EE106A642E00DD64263048DFED28
:10184000310A90ED000A20EE200ABDEEC00A10EE2B
:10185000105A002D00DA6D422B4890ED000A20EE60
:10186000200ABDEEC00A10EE104A002C00DA6442D5
:101870002649487998B10020254F487139780129C7
:101880000FD050B32348B0F90430B0F90220B0F9BA
:10189000001002B020A0BDE8F04106F091BF012089
:1018A000EAE7214890ED000A2048BDEEC00A10EE9C
:1018B000103A90ED000A1E48BDEEC00A10EE102A44
:1018C00090ED000A1BA0BDEEC00A10EE101A06F043
:1018D00077FF00203870BDE8FC811A480068FFF7E8
:1018E000E7F9CDE90001E2B2E9B2334616A006F00D
:1018F00067FFF0E70800002000007A4400401C4623
:10190000080B00200000C8421C0B00202C00002007
:101910006F000020BE0000207B4225643A25643A17
:1019200025647D24000000004400002040000020C9
:101930003C0000207B4325643A25643A25647D24DD
:1019400000000000B00000207B4125643A25643A85
:1019500025643A25647D24002DE9F04F2DED088B98
:10196000CBB08648874990ED009A8548D1ED000AB2
:1019700090ED000A70EE609A90ED010AD1ED010A37
:1019800030EE608A29EEA90A08EE080A08F084FC05
:10199000F0EE408AF0EE690AB0EE480A07F0A0FBCC
:1019A000DFED79AA20EE2A0A9FED78BA784980EE19
:1019B0000BAA886F401C88673221B0FBF1F201FB53
:1019C000120000282AD119EE100AFFF771F9064615
:1019D0000F461AEE100AFFF76BF904460D4618EE93
:1019E000900AFFF765F982468B4618EE100AFFF75A
:1019F0005FF98046894619EE900AFFF759F90A46C1
:101A00008DE8050F06AB63A283E8F0004FF4807108
:101A10000AA806F0E5FE0AA80CF0FAFC5C4C6C4D36
:101A200094ED040AF4EEC08AF1EE10FA25D20120FA
:101A30006070D5ED000AB0EE490A06F073FEA16FA2
:101A40003220B1FBF0F200FB1210B0EE408A68B910
:101A500018EE100AFFF72CF9CDE900015DA28021F4
:101A600002A806F0BDFE02A80CF0D2FCB0EE481AA7
:101A70009FED610AF0EE400A79E0002060703AEED6
:101A8000490ADFED5E0A5E4902E000BF30EE600AFF
:101A900010EE100A8842F9DC5A4900BF10EE100A15
:101AA000884202D930EE200AF8E7D4ED020A20EE8F
:101AB000A88AD4ED030AB4EEE08AF1EE10FA01DD53
:101AC000B0EE608A18EE900AB0F17C5F05DAF0EEB5
:101AD000000A68EEA00A20EE888A60EE0B0A80EE0B
:101AE000AA0AF0EE408A07F03FFC60EE089AB0EEDA
:101AF000680A08F009FB20EE08AAD5ED000AB0EE4E
:101B0000490A06F00FFEA16F3220B1FBF0F200FB94
:101B10001210F0EE408A20BB18EE100AFFF7C8F84A
:101B200006460F4618EE900AFFF7C2F804460D4627
:101B30001AEE100AFFF7BCF88046894619EE900AA3
:101B4000FFF7B6F80A468DE8050304AB2EA283E83A
:101B5000F0004FF4807108A806F042FE08A80CF0CF
:101B600057FCB0EE681AF0EE4A0AB0EE690A4BB0C4
:101B7000BDEC088BBDE8F04F00F0CCBAB0000020FF
:101B8000B8020020AC02002000003443DB0F4940C3
:101B9000180100205BB5BCBABD5D20CEF3B2EE28C3
:101BA000252E33662C252E33662920BEE0C0EB3A65
:101BB000252E336620C4BFB1EABDC73A252E316653
:101BC00020B5B1C7B0BDC73A252E31660D0A000059
:101BD000000000205BB5BCBABD5D20B5BDB4EFC44C
:101BE000BFB1EAA3ACBABDCFF2BFD8D6C63A252E54
:101BF00033660D0A00000000000000000000B4433E
:101C000000003443000034C35BB5BCBABD5D20BFE7
:101C1000D8D6C6CAE4B3F620583A252E33662059E2
:101C20003A252E3366205A3A252E336620BBF9B466
:101C3000A1CBD9B6C83A252E33660D0A00000000A4
:101C4000CEB00AF025FC8D4E8D4C49F6404B002558
:101C50004C900A214CA80CF0A1FD6068584501DAAF
:101C6000401C606001F0C2FA307800287BD000F0A0
:101C7000B7FFE06BC822401CB0FBF2F1E06302FB4F
:101C8000110000286DD13078012802D0022823D01D
:101C900064E07C480068FFF70BF8DFF8EC9107463A
:101CA0008846D9F80400FFF703F8CDE90001D9F818
:101CB0000000FEF7FDFFCDE904788A46DDE9001259
:101CC0008146CDE90212CDE9009A70A24FF48071ED
:101CD0000CA806F085FD41E06A480068FEF7E8FFC1
:101CE000DFF8A49107468846D9F80400FEF7E0FF24
:101CF000CDE90601D9F80000FEF7DAFFCDE90401CD
:101D00006F480068FEF7D4FFDFF8B891CDE9020113
:101D1000D9F80400FEF7CCFFCDE90001D9F80000A6
:101D2000FEF7C6FFCDE90A788A46DDE90612CDE95D
:101D30000812DDE90412CDE90612DDE90212CDE94F
:101D40000412DDE900128146CDE90212CDE9009AC4
:101D50005D4A4FF480710CA806F042FD0CA80CF00F
:101D600057FB19E0FFE7207828B15848007810B1F8
:101D7000FFF7F2FD10E05648007828B101F0B8F9FD
:101D800052480570657007E09FED520AB0EE401AA8
:101D9000F0EE400A00F0BEF94F4801684F4881421A
:101DA00004DD4F48D0F80C02012805D000231A4664
:101DB0001946184600955BE0DFF828914B46D9EDAF
:101DC000020A99ED000A03F0B3FD00EE100ADFF8F5
:101DD0001881B8EEC00A83ED010A4346D8ED020A25
:101DE00098ED000A03F0E2FD00EE100A3F4FB8EE56
:101DF000C00A83ED010AD7ED020A97ED000A03F04D
:101E000013FE00EE100A3A4BB8EEC00A87ED010A45
:101E1000D3ED020A93ED000A03F044FE00EE100A2F
:101E200040F2DC50B8EEC00A83ED010A04F020F85D
:101E300030480078F0B9009593ED010AB1EE400A00
:101E4000BDEEC00A10EE103A97ED010ABDEEC00AD1
:101E500010EE102A98ED010AB1EE400ABDEEC00A5C
:101E600010EE101A99ED010ABDEEC00A10EE100A2C
:101E700005F046FCA06B401CA063EAE600020020CF
:101E800018010020B0000020AC0200205BB1E0B6D9
:101E9000D35D20C1ECBABDD5DFC4A3CABD202D20BF
:101EA000CEBBD6C328252E32662C252E326629209D
:101EB000BABDCFF2252E3166A1E30D0A0000000065
:101EC00000000020B8020020D81A010800010020FC
:101ED0004800002000000000080000200000204111
:101EE00000804142080B00201C0B0020300B00201A
:101EF000440B002039000020FEE700003648B5EE14
:101F0000003A3C4AD0ED001A344890ED001A3448AB
:101F100071EEC13AD0ED000A324873EEA03A90ED6E
:101F2000000A314873EEC03A90ED002A2F48D0EDF8
:101F3000002A2F4832EE222AF6EE002A22EE222A2A
:101F400071EE812A12EE101A72EEA02A914272EE00
:101F5000802A62EE832A23EE833AC0ED052A80EDC3
:101F6000063A10DDF1EE611A31EEC11A71EE200A67
:101F700030EE800AF1EE000A62EE200A80EE201AAE
:101F800080ED071A03E09FED1C0A80ED070A9FED24
:101F90001B0AD0ED0B0A60EE801ADFED190A42EE43
:101FA000A01AC0ED0B1A90ED0C1A21EE001A03EEE8
:101FB000201A80ED0C1A90ED0D2A22EE000A90ED09
:101FC000072A02EE200A80ED0D0AC0ED051A80ED09
:101FD000061A80ED070A7047080B00201C0B002032
:101FE000300B0020440B0020640000206000002023
:101FF000180100200AD7233C000000003333333F90
:102000009A99993E38B5002000906B4601227521BF
:1020100068200AF099FC9DF8000068280CD0BFF3F6
:102020004F8F1C4801681C4A01F4E06111430160B4
:10203000BFF34F8F00BFFDE70AF02CFE002828D128
:1020400078200BF0B3FA78200AF050FDC8200BF08E
:102050006DFA09F08BFE114804460AF0D7FC0546DC
:10206000E01C0AF0D3FC45EAC005A01D0AF0CEFC36
:1020700045EA801080B20AF02BF840F2731009F0A4
:102080004DFDC82009F08CFF0CF04AF801200BF040
:1020900073F938BD0CED00E00400FA05CA00002019
:1020A0007047000070B5194C04F12000E278011D62
:1020B0002AB980ED000AC1ED000A0122E270A2787F
:1020C000002500EB820301EB820283ED000AC2EDE2
:1020D000000AA57090ED000AD1ED000A20EE000A7A
:1020E00000EEA00A08F0D8F810EE100A084988425D
:1020F00001DD657007E06078401CC0B260700428A4
:1021000001D3002070BD012070BD0000000200203E
:10211000CDCC4C3D00B5B0EE0C3A05F08BFB2A4817
:102120002C4B2D49D0ED002A90ED012AD0ED020A6A
:10213000264832EE220A32EEC22AD0ED001A244896
:10214000B0EE401AF0EE422AD0ED003A2348244A7D
:1021500071EEA31A00EEE10A40EEE12A00EEA11AA8
:1021600000EEA12AF8EE0C1A83ED020AC1ED022A54
:1021700080ED021A82ED022AB0EE431AF0EE610AF7
:102180000CF02EF983ED020A91ED020AB0EE431A2B
:10219000F0EE610A0CF024F981ED020A90ED020ADA
:1021A000B0EE431AF0EE610A0CF01AF980ED020A63
:1021B00092ED020AB0EE431AF0EE610A0CF010F94B
:1021C00082ED020A00BD0000FC0A0020640000202D
:1021D00060000020080B00201C0B0020300B0020AA
:1021E000440B002030B585B01221684600F064F839
:1021F00028B115A11648FEF71DF916A020E0144DD0
:1022000000241C35684655F82410FEF7F8F850B144
:10221000641C042CF6DB15A20A210D4803AB06F062
:10222000DFFA14A006E0631C19A20A21084806F090
:10223000D7FA19A00CF0ECF805480CF0E9F81DA04D
:102240000CF0E6F805B030BD43415230000000000C
:10225000A80100205B49445D20CAB9D3C3C4ACC8FF
:10226000CF49443A20434152300D0A0043415225A0
:10227000730000005B49445D20CAB9D3C34D41439C
:10228000B5D8D6B7C9FAB3C949443A20000000000E
:1022900043415225640000005B49445D20B8F9BE0B
:1022A000DD4D4143B5D8D6B7B7D6C5E449443A2049
:1022B000000000000D0A000070B504460D461BA08A
:1022C0000CF0A6F81F4800264FF4806106801E48D7
:1022D000FEF75BF840F6B8321CA11DA000F0A8FA8A
:1022E00008B11FA01EE024A11748FEF759F8C0B19D
:1022F00000220C306D1E01E0A154521CAA4204D2EF
:10230000815C222901D00029F6D1A6541DA00CF031
:102310007FF820460CF07CF809A00CF079F800203A
:1023200070BD1EA00CF074F8012070BD5B4D4143E0
:102330005D20BBF1C8A14D4143B5D8D6B72E2E2E96
:102340000D0A00000C010020E40C00204F4B00009F
:1023500041542B4349505354414D41433F000000E9
:102360005B4D41435D20BBF1C8A14D4143B5D8D67B
:10237000B7CAA7B0DC0D0A002B4349505354414D56
:1023800041433A005B4D41435D20BBF1C8A1B5BD5F
:102390004D4143B5D8D6B73A200000005B4D4143CC
:1023A0005D20BDE2CEF64D4143B5D8D6B7CAA7B041
:1023B000DC0D0A0010B5A2B026A00CF029F803F03D
:1023C000AFFC4FF47A7001F0B7FA40F6B834224609
:1023D00026A127A000F02CFA08B126A025E0FFF7DF
:1023E00001FF03F09DFB224620A129A000F020FA66
:1023F00008B12AA019E02DA000902FA331A28021BE
:1024000001A806F0EDF944F6206218A101A800F039
:102410000FFA08B130A008E000F01AF908B132A0B4
:1024200003E000F089F828B133A00BF0F1FF0120A0
:1024300022B010BD35A00BF0EBFF3E480BF0E8FFDB
:1024400009A00BF0E5FF01F093FB3A4914398860CD
:102450000020EDE7BFAACABCB3F5CABCBBAF455369
:1024600050383236362E2E2E0D0A00004F4B00000B
:102470004154000045535038323636CEDECFECD3CF
:10248000A6A3ACC7EBBCECB2E9C1ACBDD30D0A004E
:1024900041542B43574D4F44453D3100C9E8D6C305
:1024A000C4A3CABDCAA7B0DC0D0A00003132333460
:1024B00035363738000000005869616F6D695F314B
:1024C0003031300041542B43574A41503D2225734F
:1024D000222C222573220000C1ACBDD35769466966
:1024E000CAA7B0DC0D0A0000554450B3F5CABCBB06
:1024F000AFCAA7B0DC0D0A00B9E3B2A5B3F5CABCF8
:10250000BBAFCAA7B0DC0D0A00000000455350382D
:1025100032363620554450BACDB9E3B2A5B3F5CA28
:10252000BCBBAFB3C9B9A6A3A1D0A1B3B549443AC6
:1025300020000000A801002000B5A3B016A00BF0F9
:1025400067FF41F288321BA11BA000F071F908B1AE
:102550001CA013E041F691700090019020A324A2EA
:10256000802102A806F03CF942F2107211A102A8E3
:1025700000F05EF938B1032805D026A00BF048FF23
:10258000012023B000BD2A490120487029A00BF08A
:102590003FFF0020F5E700005BB9E3B2A55D20B383
:1025A000F5CABCBBAFB9E3B2A5C1ACBDD32E2E2ECC
:1025B0000D0A00004F4B000041542B4349504D552C
:1025C000583D31005BB9E3B2A55D20C9E8D6C3B67A
:1025D000E0C1ACBDD3C4A3CABDCAA7B0DC0D0A001C
:1025E0003139322E3136382E33312E323535000026
:1025F00041542B43495053544152543D312C2255A0
:102600004450222C222573222C25642C25642C3046
:10261000000000005BB9E3B2A55D20B9E3B2A5C13B
:10262000ACBDD3B3F5CABCBBAFCAA7B0DC0D0A00C2
:10263000940100205BB9E3B2A55D20B9E3B2A5C166
:10264000ACBDD3B3F5CABCBBAFB3C9B9A60D0A00C4
:1026500000B5A3B017A00BF0DBFE41F288321CA13D
:102660001CA000F0E5F808B11DA015E043F2390107
:1026700041F69070CDE9000120A324A2802102A898
:1026800006F0AEF842F2107211A102A800F0D0F8E4
:1026900038B1032805D026A00BF0BAFE012023B0E4
:1026A00000BD2A490120087029A00BF0B1FE0020CE
:1026B000F5E700005B5544505D20B3F5CABCBBAFE5
:1026C000554450C1ACBDD32E2E2E0D0A0000000083
:1026D0004F4B000041542B4349504D55583D31005C
:1026E0005B5544505D20C9E8D6C3B6E0C1ACBDD34C
:1026F000C4A3CABDCAA7B0DC0D0A00003139322E0E
:102700003136382E33312E343600000041542B43FD
:10271000495053544152543D302C22554450222CA0
:10272000222573222C25642C25642C300000000007
:102730005B5544505D20554450C1ACBDD3B3F5CA80
:10274000BCBBAFCAA7B0DC0D0A000000940100209A
:102750005B5544505D20554450C1ACBDD3B3F5CA60
:10276000BCBBAFB3C9B9A60D0A0000002DE9F84FF4
:102770002B480588002D47D02A4C00268046B5F509
:10278000806F01D2665501E084F8FF632046A146C0
:1027900029E02C21FDF722FE070029D02C21781CEE
:1027A000FDF71CFE5FEA000A22D03A210AF101007F
:1027B000FDF714FE5FEA000B1AD00AF10100FEF7E4
:1027C00033F90BF1010B0BEB000A61190090514535
:1027D0000ED3781CFEF728F902465846009904F0FB
:1027E00083FA5046D14610A1FDF7DAFD0028D0D17A
:1027F000A9EB04002D1A0FD040B12A4649462046C5
:10280000FDF79CFDA8F80050BDE8F88FB8F800105F
:1028100040F2CE329142F7D3A8F80060F4E700000E
:102820000C010020E40C00202B4950440000000063
:102830002DE9F04717468A46044601F099F9DFF87A
:10284000F48006460025A8F800504FF480613A480D
:10285000FDF79BFD39480068406839A00BF0D8FDB2
:1028600020460BF0D5FD3BA00BF0D2FD2046FDF736
:10287000BFFD82B24FF47A794B4621462F4802F0D1
:102880002FFE4B46022233A12C4802F029FE324C87
:10289000DFF8A49034E000BFB8F8000000282CD086
:1028A00009F800502DA12448FDF77AFD48B130A069
:1028B0000BF0AEFD01F05CF9A06025710320BDE8CE
:1028C000F08751461C48FDF76BFD40B12EA00BF080
:1028D0009FFD01F04DF9A06025710020EFE731A1C7
:1028E0001548FDF75DFD40B130A00BF091FD01F002
:1028F0003FF9A06025710120E1E7032001F01CF8F9
:1029000001F036F9801BB842C6D32079401C2071F3
:102910002CA00BF07DFD08480BF07AFD0DA00BF00C
:1029200077FD2079052803D92CA00BF071FD2571C6
:102930000220C4E70C010020E40C00206C060020FB
:102940005B455350383236365D20B7A2CBCD3A20A6
:10295000000000000D0A000094010020414C524587
:1029600041445920434F4E4E4543544544000000D6
:102970005B455350383236365D20D2D1C1ACBDD321
:10298000D7B4CCAC0D0A00005B4553503832363614
:102990005D20CAD5B5BDD4A4C6DACFECD3A60D0A46
:1029A000000000004552524F520000005B4553505A
:1029B000383236365D20B4EDCEF3CFECD3A60D0A17
:1029C000000000005B455350383236365D20B3AC12
:1029D000CAB1A3ACCAD5B5BD3A2000005B5541527F
:1029E000545D20C1ACD0F8B3ACCAB1A3ACBFC9C46C
:1029F000DCD0E8D2AABCECB2E9D3B2BCFEC1ACBD1B
:102A0000D30D0A002DE9F04F2DED068B97B0B0EEF7
:102A1000628AF0EE428AB0EE619AF0EE419AB0EE30
:102A200060AAF0EE40AA13EE100AFEF741F906463E
:102A30000F4618EE100AFEF73BF904460D4618EE55
:102A4000900AFEF735F9CDE9020119EE100AFEF7FA
:102A50002FF9CDE9000119EE900AFEF729F9824617
:102A60008B461AEE100AFEF723F9804689461AEEC5
:102A7000900AFEF71DF90A460AA981E8F000DDE98F
:102A80000234CDE90834DDE90034CDE906348DE8BF
:102A9000050F3A4B3AA28021434805F0A1FE424877
:102AA000FDF7A6FC024641A10EA805F0B1FEDFF835
:102AB000CC8006460020A8F11408414C88F8060096
:102AC00081464FF4806A4FF4FA7700BFA4F8009073
:102AD00051463C48FDF759FCB2B264230EA93A486E
:102AE00002F0FEFC052000F027FF01F041F805464A
:102AF00009E0208820B135A13248FDF751FC38B9F2
:102B0000022000F019FF01F033F8401BB842F0D367
:102B10002548FDF76DFC82B2642323492A4802F060
:102B2000DFFC642302222AA1274802F0D9FC0520F9
:102B300000F002FF2088A0B126A12248FDF730FC5A
:102B400078B101F015F8C8F80800A4F800905146D3
:102B50001C48FDF71AFC002017B0BDEC068BBDE841
:102B6000F08F052000F0E8FE98F80610491C11F0DF
:102B7000FF0188F80610A9D00120EDE7A801002088
:102B800025733A252E32662C252E32662C252E31C1
:102B9000662C252E31662C252E33662C252E336689
:102BA0002C252E33660000000C12002041542B43CC
:102BB000495053454E443D302C25640D0A00000019
:102BC0000C010020E40C00206C0600203E000000F8
:102BD0000D0A000053454E44204F4B0072B6FEE7ED
:102BE0000F48007800281AD0012803D0022816D1F7
:102BF00000F020B80B48007820B10B48007808B1ED
:102C0000FEF7AABE0948007808B100F071BA9FED3E
:102C1000080AB0EE401AF0EE400AFFF77BBA7047A0
:102C200000020020180100200001002048000020C0
:102C3000000000002DE9F04700242DED0E8B264604
:102C4000FD4F9FEDFE8AFE4D04EB440000EBC400F7
:102C500007EB800090F8281019B1FA49FDF7CFFB77
:102C600018B1641C0A2CEFDB0DE004EB440000EB10
:102C7000C40017EB800406D000F07AFF616A401AA6
:102C8000B0F5FA6F10D9B0EE481AF0EE480AB0EE7F
:102C9000480AFFF73FFA85ED0A8A85ED0B8A6E70C8
:102CA000BDEC0E8BBDE8F087D4ED059AE648D4ED77
:102CB000068AB0EEE90A10EE101A814201DAF0EE4F
:102CC000489AB0EEE80A10EE101A814201DAF0EEEE
:102CD000488AB0EE690AF0EE680AFFF7E3F994ED6E
:102CE000080A82469FEDD9DA20EE0D0ADFEDD8BA48
:102CF00080EE2BAAB0EE4A0A06F036FB94ED03BA3A
:102D0000D5ED010AA84600EE80BAB0EE4A0A07F0F7
:102D1000FBF9D5ED020A00EEC0BAB0EE4A0A07F0A0
:102D2000F3F994ED049AD5ED010A00EE809AB0EE25
:102D30004A0A06F019FBD5ED020A00EE809A94EDDE
:102D4000080AD5ED030A30EE20AADFEDC2AAC24977
:102D500002E000BF3AEE6AAA1AEE100A8842F9DAD7
:102D600002E000BF3AEE2AAAB5EEC0AAF1EE10FAD0
:102D7000F8D3BA48DFF8E892BA4D90ED000ABA4E9F
:102D80007BEE40CA90ED010A39EE40BA99ED000A97
:102D90003AEE400A02E000BF30EE6A0A10EE100A76
:102DA000A842F9DC02E000BF30EE2A0A10EE100A59
:102DB000B042F9D82CEEAC0A0BEE0B0A07F06CFA15
:102DC000B0EE409A0027F0EE00DA9FEDA8CABAF103
:102DD000000F7CD098ED070A60EE2D0AF4EEC90AC8
:102DE000F1EE10FA23DCF0EE080A20EE200AB4EE31
:102DF000C90AF1EE10FA6ADDF0EE690AB0EE680A6F
:102E000006F06EF9F0EE400AB0EE4B0AB0EE60EA62
:102E1000F0EE6C0A06F064F93EEE400A9449B0EE1A
:102E2000C00A10EE100A0844924988424FD398ED28
:102E30000C0AD9ED000A012769EE809A68EE808AB3
:102E400094ED080A4C4630EE600A01E030EE6A0A62
:102E500010EE100AA842F9DC02E000BF30EE2A0AA8
:102E600010EE100AB042F9D860EE0D0AB0EEC00ABA
:102E700010EE100A804980EEABEA88421BDDB0EE0E
:102E80004E0A06F071FA60EE29AAB0EE4E0A07F07B
:102E90003BF948EEC0AAB0EE4E0A07F035F960EEF5
:102EA00029DAB0EE4E0A06F05FFA48EE80DAF0EE6C
:102EB0006A9AF0EE6D8A98ED070AB4EEC09AF1EEC8
:102EC00010FA51DDDFED6D0A19EE101A00E04CE04A
:102ED0004FF07E52914206DA39EE400A9FED681AB1
:102EE00020EE018A05E019EE101A914201DB9FEDF8
:102EF000658A98ED060A70EE88AADFED630A20EE77
:102F0000208AF0EE6C0AB0EE4B0A06F0E9F8D4ED38
:102F1000000A60EE8D0A80EEAB1A70EE41BAB0EE98
:102F20006B0A06F021FA2AEE899A60EE09AAB0EE41
:102F30006B0A07F0E9F820EE099A2AEEAA0A09EED0
:102F4000090A07F0A9F9B4EEC80AF1EE10FA07DD94
:102F50006AEE880AC0EE80AA69EE080A80EE809ABE
:102F600079EEAA9A78EE898A46E098ED0A0AD8EDB9
:102F7000040AD8ED051A3CEEC02A98ED0B0A20EEA3
:102F8000AC1A60EE8B0A3BEE400A19EE100A01EE15
:102F9000821A41EE800AB7EE000AB0F17C5F05DAD2
:102FA00069EE2D1A9FED390A01EE8C0A61EE008A56
:102FB00020EE808AF0EE680AB0EE480A06F090F83B
:102FC000D9ED000A60EE8D0A80EEAB1A30EE419A20
:102FD00028EEA80A08EE080A07F05EF9B0EE408A6B
:102FE000B0EE490A06F0C0F960EE089AB0EE490A60
:102FF00007F08AF860EE088A29EEA90A08EEA80A06
:1030000007F04AF9D8ED060A4446B4EEE00AF1EEBC
:1030100010FA07DD29EEA01A68EEA00AC1EE009AA8
:10302000C0EE808A0FB99FED1ACAF0EE4A0A99EDF8
:10303000000A05F077FB2DE08C1200200000000054
:1030400000020020441400200AD7233DDB0F494032
:10305000000034430000B4430000B443AC0200203D
:10306000B000002000003443000034C3CDCC4C3FFE
:1030700025F0B6C006DE660100002041CDCC4C3DF7
:10308000CDCCCC3D9A99193ECDCCCC3ECDCC4C3E4E
:103090009A99993F20EE0C1AF0EE680AB0EE690A90
:1030A000FFF738F8C4ED0ACA84ED0BBAF8E5000062
:1030B0001FB56946009007200290012001900B483F
:1030C00000F062F9094800F05DFB1E21074800F09E
:1030D00003FB064800F000FA800503D5034800F022
:1030E000FDF984B204B0204610BD0000C4020020E7
:1030F00010B4334C31489FED341A94ED000A037834
:1031000030483249324AF1EE400A092B24D2DFE836
:1031100003F02305080B0E13181B1E0080ED000A98
:103120000CE080ED000A04E080ED001A01E0C0ED43
:10313000000AC1ED000A1FE0C0ED000A81ED001A8F
:103140001AE0C0ED000A04E080ED001A01E080ED15
:10315000000A81ED000A0FE01E4B80ED001A81EDA0
:10316000001A1B78DFED1C0A012B18D01B4B1B78B3
:10317000012B19D082ED001AD0ED000A9FED181A2C
:1031800080EE810A80ED000AD1ED001AC1EE810ABD
:10319000C1ED000A92ED001A10BCFEF7BBBF80EE35
:1031A000201A9FED100A03E080EE201A9FED0E0A10
:1031B00021EE000A82ED000ADEE70000490000204F
:1031C0003C0000204C0000200000000050000020C7
:1031D000540000206C0000200000FA436D00002025
:1031E00000007A44DB0FC93FDB0FC9BF10B50220D6
:1031F0002DED048B04F09EF93B4C2060032004F07D
:1032000099F96060042004F095F9A060052004F0AD
:1032100091F93649E060097806291DD2DFE801F00E
:103220004E0355554E552168494200EE101A61680B
:10323000F8EEC09A494200EE101A00BFA168B8EE3D
:10324000C09A494200EE101AD0F10000F8EEC08A90
:1032500000EE100AB8EEC08A9FED250A254829EE37
:10326000801AD0ED000A244861EE201A90ED001A71
:10327000224881EE812A69EE001A61EEA01A80EDE3
:10328000002A81EE812A68EE801A1D4828EE000A85
:1032900061EEA01A20EE200AC0EE010A80ED002A9D
:1032A000184881EE812A80ED002A1748C0ED000AF7
:1032B000BDEC048BBDE81040FEF720BE94ED000A83
:1032C000F8EEC09A94ED010AB8E794ED000A61683F
:1032D000F8EEC09A494200EE101AB8EEC09A94ED8A
:1032E000020AF8EEC08AB3E7FC1100203900002082
:1032F0000000C8425C00002058000020080B00209D
:103300001C0B0020300B0020440B002010B514488B
:1033100000F038FA0A21124800F0DEF90820FFF721
:10332000C7FEFDF7B8FC9FED0F1B53EC112BFDF70B
:103330002FFC9FED0E1B53EC112BFDF729FC9FED8D
:103340000D1B53EC112BFDF723FC9FED0C1B53ECD5
:10335000112BFDF71DFCFDF7BEFC00EE100A10BDA1
:10336000C40200206666666666660A4000000000C9
:10337000000026407B14AE47E17AF03F00000000D9
:103380000000303F7047000078B50024009490F8AA
:103390003C20012A19D0012280F83C200A6807232A
:1033A0000568092A13D9EE680A3A02EB42029340F3
:1033B0009E43EE600B788A680A3B03EB43039A4016
:1033C0000368DD682A43DA6010E0022078BD2E69C8
:1033D00002EB420293409E432E610B788A6803EB16
:1033E00043039A4003681D692A431A614A681F23F0
:1033F000072A13D205686E6B521E02EB82029340BD
:103400009E436E630B790A885B1E92B203EB8303C3
:103410009A4003685D6B2A435A6327E005680D2ACA
:1034200012D22E6BD21F02EB820293409E432E6378
:103430000B790A88DB1F92B203EB83039A4003687F
:103440001D6B2A431A6311E0EE6A0D3A02EB820209
:1034500093409E43EE620B790A880D3B92B203EBD8
:1034600083039A400368DD6A2A43DA62164B0568D3
:10347000144A9D4206D10D68122D03D1556845F4BA
:103480008005556005689D4218D10B68102B01D04E
:10349000112B13D1536843F40003536009681029BA
:1034A0000CD10A490A4A0968B1FBF2F101EB81012A
:1034B000490000E0491E00910029FBD180F83C4002
:1034C000002078BD002301400020014020000020A2
:1034D00040420F0070477047006C70470068C06C36
:1034E000704770B5044600680668456816F0020F1C
:1034F00005F020012AD049B3216CC90603D4216C00
:1035000041F400712164816811F0405F17D1217E80
:10351000A9B9C16A11F4700F02D0816849050ED4AF
:10352000416821F020014160206C20F4807020640B
:10353000206CC00403D4206C40F0010020642046BD
:10354000FFF7C8FF21686FF01200086016F0040F43
:1035500005F0800132D089B3206CC00603D4206C02
:1035600040F4005020642068816811F4401F1ED18F
:10357000816B11F4401F02D08168490517D441685E
:10358000490514D4816811F0405F10D1217E71B9D2
:10359000416821F080014160206C20F4805020645B
:1035A000206CC00503D4206C40F00100206420464C
:1035B000FFF7E8FE21686FF00C00086016F0010FBD
:1035C00005F040010FD071B120680068C0070AD033
:1035D000206C40F480302064204600F043F82168DD
:1035E0006FF00100086016F0200F05F080610ED02A
:1035F00000290CD0606C40F00200606420686FF01D
:10360000200505602046FFF766FF2068056070BD55
:1036100070B504004FF0000503D0206C002610B1F7
:1036200007E0012070BD204600F01EF8666484F8B3
:103630003C60206CC00610D4206C20F4885040F010
:10364000020020642046FEF74FF86664206C20F0EC
:10365000020040F00100206400E0012584F83C6095
:10366000284670BD7047000010B586B0044614218E
:103670006846FCF78AFE15492068884223D1144821
:103680000021026842F480720260006800F48070D9
:1036900005900F481438026842F002020260006888
:1036A00000F00200059003200090CDE90101694679
:1036B000084800F053F900221146122000F0F2FAF7
:1036C000122000F0E1FA06B010BD00000020014019
:1036D00044380240000402402DE9F04104460068ED
:1036E0000D4681684FF0000749050BD58068C0057D
:1036F00008D5206C40F02000206484F83C70012044
:10370000BDE8F08100F034FA064613E0681C11D0E1
:1037100025B100F02DFA801BA8420BD92068006863
:10372000800707D4206C40F00400206484F83C70CB
:103730000320E5E7206800688007E7D521686FF07F
:1037400012000860206C40F40070206420688168DA
:1037500011F0405F13D1217E89B9C16A11F4700F55
:1037600002D0806840050AD4206C20F48070206468
:10377000206CC00403D4206C40F0010020640020C1
:10378000BEE7000018B50021009190F83C20012A06
:1037900007D0012280F83C2002689368DB0702D042
:1037A00011E0022018BD936843F0010393602E4A94
:1037B0002E4B1268B2FBF3F202EB420200E0521E03
:1037C0000092002AFBD102689368DB0742D0036CA9
:1037D00040F20164A34343F48073036453685B05C0
:1037E00005D5036C23F4005343F480530364036C46
:1037F000DB0404D5436C23F00603436400E041641A
:1038000080F83C101A496FF0220313604968006881
:10381000CA06184906D0884224D1816811F0405F59
:1038200013D01FE08842F8D0134A904203D1D1F858
:103830000423D206F1D0114A904213D1D1F80413D7
:1038400001F01F011029E8D30CE0816841F08041AC
:10385000816007E0016C41F010010164416C41F0AE
:1038600001014164002018BD2000002040420F00EB
:1038700000230140002001400021014000220140BE
:103880002DE9F0410446876D00F072F9064694F880
:1038900035000025022806D08020606584F8345069
:1038A0000120BDE8F0812068016821F01601016067
:1038B0002068416921F080014161206C08B9A06C49
:1038C00020B12068016821F00801016020680168CA
:1038D00021F0010101600CE000F04AF9801B05288D
:1038E00007D920206065032084F8350084F834501F
:1038F000D7E720680068C007EED194F85C103F203D
:103900008840B860012084F8350084F834500020E5
:10391000C7E790F83510022903D0802141650120C6
:103920007047052180F835100068016821F0010119
:10393000016000207047000070B5044600F018F9DF
:103940000546601C02D004480078044400F010F9D9
:10395000401BA042FAD370BD140000202DE9F84F9F
:10396000DFF8BCA10022012503264FF00F090AF160
:10397000040BAAF1040E00BF0B6805FA02F4234001
:10398000A34270D10F7907F00307012F01D0022F56
:1039900016D187684FEA420806FA08FC27EA0C07A6
:1039A000D1F80CC00CFA08FC4CEA070CC0F808C0AF
:1039B0004768A7430C79C4F3001494403C43446027
:1039C0000C79E443A4070AD0C4684FEA420C06FA13
:1039D0000CF7BC438F6807FA0CF72743C7600C79D4
:1039E00004F00304022C12D1D40800EB840CDCF8A0
:1039F00020405707FF0E09FA07F824EA0804D1F817
:103A0000108008FA07F848EA0408CCF82080046817
:103A10004FEA420C06FA0CF7BC430F7907F0030794
:103A200007FA0CF7274307604C6814F4403F70D046
:103A30003C4C276847F480472760246822F003073E
:103A400004F480440094384C07EB040CDCF808487C
:103A500097074FEA177809FA08F7BC43334FB84283
:103A600002D1002724E054E0314FB84201D10127B0
:103A70001EE0304FB84201D1022719E02E4FB84264
:103A800001D1032714E02D4FB84201D104270FE0E4
:103A90002B4FB84201D105270AE02A4FB84201D185
:103AA000062705E0284FB84201D1072700E0082784
:103AB00007FA08F72743CCF80878DAF800405746A9
:103AC000D1F804C09C435FEACC2C00D51C433C6079
:103AD000DBF800405F46D1F804C09C435FEA8C2CC1
:103AE00000D51C433C60DEF800407746D1F804C0A6
:103AF0009C435FEA8C3C00D51C433C60084F083F68
:103B00003C68D1F804C09C435FEACC3C00D51C4320
:103B10003C60521C102AFFF42FAFBDE8F88F000064
:103B2000083C01404438024000300140000002409F
:103B30000004024000080240000C02400010024055
:103B40000014024000180240001C024000690840B6
:103B500000D001207047426921EA02030A4043EA8B
:103B60000241816170470AB1816170470904FBE736
:103B700001488068704700001400002002488168F6
:103B80000278114481607047140000200B4810B582
:103B9000016841F400710160016841F480610160D5
:103BA000016841F480710160032000F09BF801205E
:103BB00000F006F800F050F8002010BD003C024074
:103BC00030B505461F4887B00024016841F0200148
:103BD0000160006806A900F02000009001A800F034
:103BE0002DF90498A8B100F049F940001649174A88
:103BF000B0FBF1F11648491E026040F2E732C0E91D
:103C00000324C0E90114846100F0B4FB040003D074
:103C100015E000F033F9E9E70D4800F007FC040077
:103C20000DD1372000F030F8102D07D200222946A0
:103C3000372000F037F80748056000E0012407B09E
:103C4000204630BD4038024040420F000014004082
:103C5000B4060020180000200A4808B5016841F4A5
:103C600080410160006800F4804000900548001F1A
:103C7000016841F080510160006800F080500090C0
:103C800008BD000044380240002809DB00F01F0294
:103C9000012191404009800000F1E020C0F80011AE
:103CA00070470000F0B40E4B1B680C46C3F30223B0
:103CB000C3F10705042D00D90425191D072901D2D8
:103CC000002300E0DB1E012606FA05F1491E214013
:103CD00099409E40761E16403143F0BC04F0D7BD9B
:103CE0000CED00E0064900F0070208684FF6FF03FC
:103CF000184040EA0220034A104308607047000061
:103D00000CED00E00000FA052DE9F0470E46050035
:103D100065D0DFF81481D8F80000F7B200F0070092
:103D2000B04207D288F80070D8F8000000F0070011
:103D3000B04254D128683D4C810712D5400703D5C5
:103D4000206840F4E05020602878000703D5206800
:103D500040F4604020602068A96820F0F00008432B
:103D600020602878C0072DD03049686808390128BC
:103D700012D0022813D0032811D00968890700291E
:103D80002DDA216821F0030101432160FFF7F0FEE5
:103D9000814641F2883A0EE009688903EFE7096835
:103DA0008901ECE7FFF7E4FEA0EB0901514502D9D8
:103DB0000320BDE8F0872068696800F00C00B0EBD4
:103DC000810FEFD1D8F80010404601F00701B14251
:103DD00007D90770006800F00700B04201D0012049
:103DE000E7E72878400705D52068E96820F4E05027
:103DF000084320602878000706D52068296920F448
:103E0000604040EAC100206000F058F82168084A8C
:103E1000C1F30311515CC8400649086006480068B8
:103E2000FFF7CEFE0020C4E7003C02400838024005
:103E300084F7000820000020180000200F220260F4
:103E40000C4A136803F003034360136803F0F003A4
:103E50008360136803F4E053C36012684FF4E053C7
:103E600003EAD20202610448006800F0070008601B
:103E70007047000008380240003C024004480549F1
:103E800000680968044AC1F38221515CC840704748
:103E9000200000200838024094F700080448054933
:103EA00000680968044AC1F34231515CC840704758
:103EB000200000200838024094F70008154810B58B
:103EC000006810F00C02144813D01449042A0FD0D3
:103ED000082A0ED10F4C241F2268236802F03F02EB
:103EE0005B0207D52068C0F38810A0FB010106E043
:103EF000084610BD2168C1F38811A1FB0001002311
:103F0000FCF7BAF92168C1F30141491C4900B0FB33
:103F1000F1F010BD083802400024F40040787D0123
:103F20002DE9F84F04006ED02078DFF84C93C007DD
:103F3000A9F104054AD009F104000168C1F3810127
:103F4000012908D00068C0F3810002280AD1D9F8FD
:103F50000000400206D52868800337D56068002835
:103F6000E1D033E06068B0F5803F10D0B0F5A02F0D
:103F7000286810D020F480302860286820F4802041
:103F800028606068A8B1FFF7F3FD06460DE02868D9
:103F900040F48030F4E740F480202860F7E700BF69
:103FA000FFF7E6FD801B642873D828688003F7D5E7
:103FB0000CE0FFF7DDFD064605E000BFFFF7D8FD8A
:103FC000801B6428F0D828688003F7D42078DFF8B5
:103FD000AC8280074FF0000A3ED5A748001D01685B
:103FE00011F00C0F08D00068C0F3810002280BD13B
:103FF000D9F80000400207D42868800716D5E06889
:10400000012800D112E033E1E068B8B10120C8F81E
:104010000000FFF7ADFD064605E000BFFFF7A8FD75
:10402000801B0228C0D828688007F7D52868216936
:1040300020F0F80040EAC10028600DE0C8F800A0B8
:10404000FFF796FD064604E0FFF792FD801B02286D
:104050001FD828688007F7D42078000722D5864F1C
:1040600087486169703771B101210160FFF780FDF8
:10407000064604E0FFF77CFD801B022809D838685B
:104080008007F7D50EE0C0F800A0FFF771FD0646E7
:1040900005E082E0FFF76CFD801B02287DD83868C0
:1040A0008007F7D42078400768D5DFF8CCB1002727
:1040B0000BF13C0BDBF80000C0000BD4DBF8001068
:1040C00041F08051CBF80010DBF80000012700F030
:1040D000805000906B4E3068C00510D4306840F4BA
:1040E00080703060FFF744FD009005E0FFF740FD71
:1040F0000099401A022850D83068C005F6D55E4EA7
:10410000A0686C3601280FD00528306810D020F048
:1041100001003060306820F004003060A068B8B161
:10412000FFF726FD00900FE0306840F00100F4E753
:1041300040F004003060F7E7FFF71AFD0099411ADC
:1041400041F28830814266D830688007F4D50EE0AD
:10415000FFF70EFD009007E0FFF70AFD0099411AF6
:1041600041F28830814256D830688007F4D42FB1AC
:10417000DBF8001021F08051CBF80010A069C8B323
:104180003D49091D0968C1F3810102294AD002286D
:10419000504607D0C8F8600000E03CE0FFF7E8FCBC
:1041A00004463BE04746C8F86000FFF7E1FC0646DE
:1041B00005E000BFFFF7DCFC801B02282BD8286835
:1041C0008001F7D4D4E907010843A16A2E4A4908BF
:1041D00002EB0141626A41EA8211084394F82C1013
:1041E00040EA0161C9F8001001203866FFF7C0FC01
:1041F000044606E03EE000BFFFF7BAFC001B0228C1
:1042000009D828688001F7D534E000BFFFF7B0FC7B
:10421000001B022802D90320BDE8F88F286880011E
:10422000F4D427E00128F7D0D9F80000E26900F4BF
:10423000800191421CD1226A00F03F01914217D1C6
:1042400047F6C071626A0140B1EB821F10D1A26AC9
:104250004FF0FF3300F4403103EB5202B1EB024F59
:1042600006D194F82C1000F07060B0EB016F01D013
:104270000120D1E70020CFE7043802400000474288
:10428000800E4742007000400000FFFF70477047FB
:1042900010B590F83C20012A22D0012280F83C2061
:1042A000CA688C6822F4407222434C6822F480620F
:1042B00022430C6822F4006222430C6922F48052EB
:1042C00022434C6922F400522243C969002322F49C
:1042D00080420A4301684A6480F83C30002010BDE7
:1042E000022010BD70B590F83C20012A32D0012484
:1042F00080F83C40022280F83D2003685A689D689F
:1043000022F070060A6832435A60134B02689A42E0
:1043100014D0B2F1804F11D0104B9A420ED0104BF6
:104320009A420BD00F4B9A4208D00F4B9A4205D0BD
:104330000E4B9A4202D00E4B9A4204D1496825F0A6
:1043400080031943916080F83D40002180F83C10C3
:10435000084670BD022070BD00000140000400400E
:1043600000080040000C00400004014000400140F3
:104370000018004010B5040003D094F83D0010B1BF
:1043800007E0012010BD002084F83C00204600F02A
:104390001FF8022084F83D00211D206803F03CFB3B
:1043A000012084F8460084F83E0084F83F0084F839
:1043B000400084F8410084F8420084F8430084F807
:1043C000440084F8450084F83D00002010BD000042
:1043D00008B5124A01681248914207D1016841F4B8
:1043E00080310160006800F4803009E00D4A91429C
:1043F00008D1016841F400310160006800F4003028
:10440000009008BD084A9142FBD1016841F4802127
:104410000160006800F48020F2E7000000400140E5
:1044200044380240004401400048014090F83D10EB
:10443000012901D001207047022180F83D10016858
:10444000CA6842F00102CA6000681149884214D06B
:10445000B0F1804F11D00F4988420ED00E498842EA
:104460000BD00E49884208D00D49884205D00D492D
:10447000884202D00C49884204D1816801F00701CA
:10448000062903D0016841F0010101600020704756
:10449000000001400004004000080040000C004003
:1044A00000040140004001400018004070B504467F
:1044B00090F83C000025012817D0012684F83C60C4
:1044C000022084F83D002068826822F0770222F4FE
:1044D0007F4282600868502838D00DDC20284FD0F9
:1044E00005DC90B3102811D14AE0022070BD3028BD
:1044F00046D040280AD13BE060282FD070280DD04C
:10450000B0F5805F03D0B0F5005F12D0012584F8CC
:104510003D60002084F83C00284670BDCB68D1E99E
:104520000121206803F0EDFA2068816841F07701ED
:1045300009E0CB68D1E90121206803F0E2FA2068A4
:10454000816841F480418160E1E719E0CA68496807
:10455000206803F0ABFB5021206806E0CA68496878
:10456000206803F0B4FB6021206803F0D4FACEE7A2
:10457000CA684968206803F099FB40212068F4E785
:10458000226801461046F0E72DE9F0410D4604008F
:1045900003D094F83D0018B108E00120BDE8F08197
:1045A000002084F83C00204600F040F8022084F807
:1045B0003D002068816844F2070291438160211D1B
:1045C000206803F029FA226890689169166A2B68BE
:1045D000AF69034340F20330814341EA0721A868F1
:1045E000EF6908434FF6FC418843E96840EA072039
:1045F000014328692F6A000140EA073008436968CF
:104600006D6926F0AA0646EA0515294393602268DB
:10461000906154F8460B0162012004F81F09E0750F
:104620002076E0762077A0750020B7E7F0B587B058
:10463000044614216846FBF7A8FE404923683F481A
:1046400010390224012503263D4A3E4FB3F1804F25
:1046500015D0DFF8F4C063453CD1026842F0020295
:104660000260006800F002000590086840F0020057
:104670000860086800F00200059030203FE0036801
:1046800043F001030360006800F001000590086832
:1046900040F001000860086800F00100059008681B
:1046A00040F0020008600868694600F002000590CA
:1046B0004FF400408DE8710010460495FFF74EF965
:1046C00008208DE87100049569463846FFF746F9E1
:1046D00007B0F0BDDFF874C0634514D1026842F042
:1046E00004020260006800F004000590086840F0D1
:1046F00002000860086800F002000590C0208DE804
:1047000071000494E0E7124FBB42E1D1036843F02B
:1047100008030360006800F008000590086840F096
:10472000010008600868CDE9006400F00100CDE9EF
:104730000440CDE9025669461046C7E740380240BA
:104740000000024000040240000400400008004055
:10475000000C004070B590F83E60044690F83F5061
:1047600090F8423090F84320022021B104290ED065
:10477000012E1BD114E0012E18D1012B16D184F883
:104780003E0084F8420001220021206820E0012D33
:104790000CD1012A0AD184F83F0084F8430014E0C8
:1047A000012D03D1012B01D1012A01D0012070BDBF
:1047B00084F83E0084F83F0084F8420084F8430007
:1047C00001220021206803F08FF9012204212068D2
:1047D00003F08AF92068016841F0010101600020BE
:1047E00070BD70472DE9F04104460068C668056950
:1047F0004FF00007A90713D5B10711D5F91E0161C4
:1048000001202077206880698007204602D0FFF7CA
:10481000E8FF04E000F0ECF8204600F091F927777B
:10482000680716D5700714D521686FF00400086179
:10483000022020772068806910F4407F204602D053
:10484000FFF7CFFF04E000F0D3F8204600F078F93E
:104850002777280715D5300713D521686FF0080092
:104860000861042020772068C0698007204602D0B4
:10487000FFF7B7FF04E000F0BBF8204600F060F956
:104880002777E80616D5F00614D521686FF01000DA
:104890000861082020772068C06910F4407F204616
:1048A00002D0FFF79EFF04E000F0A2F8204600F0DF
:1048B00047F92777E80708D0F00706D021686FF09E
:1048C00001000861204600F0A1F9280608D530064D
:1048D00006D521686FF0800008612046FFF7D6FCFE
:1048E000680608D5700606D521686FF0400008619B
:1048F000204600F095F9A8060AD5B00608D521682B
:104900006FF0200008612046BDE8F041FFF7BFBC12
:10491000BDE8F081F0B587B0044614216846FBF786
:1049200034FD2C4F236800262B4902250124032245
:104930002A48BB421BD10B6843F010030B60096887
:10494000CDE9024201F0100105914FF42061CDE95B
:104950000015049469460746FFF700F84FF4C0407D
:104960008DE86100CDE90364694638460CE01C4ED1
:10497000B3420DD10B6843F010030B60096801F0DE
:104980001001059160211DE0FEF7E8FF07B0F0BDC2
:10499000144E1548B34209D10B6843F002030B6073
:1049A000096801F00201059181150BE00F4EB34239
:1049B000ECD10B6843F002030B60096801F00201BF
:1049C00005917115CDE90015CDE9024204926946C1
:1049D000DAE70000000001403038024000100240D9
:1049E00000400140004401400004024000480140F2
:1049F000704770B5044690F83C0000260D4601282B
:104A00000FD0012084F83C006AB1042A1DD0082A86
:104A10002FD00C2A3FD00126002084F83C003046DD
:104A200070BD022070BD206803F07EF820688169A7
:104A300041F0080181612068816921F004018161F0
:104A4000206881692A69114311E0206803F09CF80D
:104A50002068816941F4006181612068816921F4E5
:104A600080618161206881692A6941EA022181614E
:104A7000D2E7206803F0BEF82068C16941F0080160
:104A8000C1612068C16921F00401C1612068C16968
:104A90002A69114311E0206803F0E0F82068C16939
:104AA00041F40061C1612068C16921F48061C16184
:104AB0002068C1692A6941EA0221C161ACE710B5E9
:104AC000040003D094F83D0010B107E0012010BDB0
:104AD000002084F83C00204600F01EF8022084F8F4
:104AE0003D00211D206802F097FF012084F8460058
:104AF00084F83E0084F83F0084F8400084F84100C8
:104B000084F8420084F8430084F8440084F84500A7
:104B100084F83D00002010BD08B5006806498842B1
:104B200008D10648016841F001010160006800F009
:104B30000100009008BD0000000001404438024020
:104B40007047000010B50446022249B104290ED076
:104B5000082913D094F84100012816D0012010BD77
:104B600094F83E000128F9D184F83E200FE094F833
:104B70003F000128F2D184F83F2008E094F840007B
:104B80000128EBD184F8402001E084F84120012283
:104B9000206802F0A9FF16492068164A884201D011
:104BA000904203D1436C43F400434364206888423D
:104BB00013D0B0F1804F10D00F4988420DD00F496B
:104BC00088420AD00E49884207D0904205D00D494C
:104BD000884202D00C49884204D1816801F0070163
:104BE000062903D0016841F001010160002010BDD9
:104BF00000000140000401400004004000080040A3
:104C0000000C0040004001400018004000680349CB
:104C1000884201D1FEF7B2BF704700000014004087
:104C20007047704770470000F8B50168044608688F
:104C3000CA684B6910F00F0F4FF0000559D003F010
:104C4000010602F49077374365D0C10705D0D1053E
:104C500003D5616C41F001016164410705D5D907B5
:104C600003D0616C41F002016164810705D5D90769
:104C700003D0616C41F004016164010707D502F0C3
:104C80002001314303D0616C41F008016164616C23
:104C900000293AD0800604D5900602D5204603F0BC
:104CA00063F820684069616CC0F38010090700D484
:104CB00060B3204603F031F820684069400621D5F2
:104CC0002068143050E8001F21F0400140E8001235
:104CD000002AF5D1E06BA8B172490165E06BFEF7DF
:104CE00018FE002811D0E06B016D01B0BDE8F04066
:104CF000084783060FD593060DD52046BDE8F8403A
:104D000003F032B82046FFF78DFFF8BD2046FFF7CD
:104D100089FF6564F8BD266B2023012E7ED1C6066F
:104D20007CD5D6067AD508684868009048694FF067
:104D3000020640064DD5E26B106840684FF480775C
:104D40000004000C3AD0A18D814237D9E085D069AA
:104D5000B8422DD020680C3050E8001F21F480713B
:104D600040E80012002AF5D12068143050E8001FF6
:104D700021F0010140E80012002AF5D1206814302A
:104D800050E8001F21F0400140E80012002AF5D150
:104D900084F84230256320680C3050E8001F21F071
:104DA000100140E80012002AF5D1E06BFEF768FD23
:104DB0006663A08DE18D401A81B206E0A18D81422B
:104DC000A8D1D069B842A5D166632046FFF729FF74
:104DD000F8BDA08DE18D401A81B2E08D0028F7D09A
:104DE0000029F5D020680C3050E8002F22F4907292
:104DF00040E80027002FF5D12068143050E8002F3C
:104E000022F0010240E80027002FF5D184F842305B
:104E1000256320680C3050E8002F00E006E022F007
:104E2000100240E80023002BF3D1CDE705062BD577
:104E3000150629D594F841002128C9D1A068B0F5FC
:104E4000805F01D12069B0B1206A411C21622168D4
:104E500000784860E08C401E0004000CE084B7D16C
:104E60002068C16821F08001C1602068C16841F0FC
:104E70004001C160F8BD206A0088C0F308004860A6
:104E8000206A801C2062E5E74006F3D55006F1D584
:104E9000CA68204622F04002CA6084F8413000F01F
:104EA0006FFBF8BD0D7D000870B5040004D094F8C8
:104EB0004100002510B106E0012070BD84F840508B
:104EC000204600F023F8242084F841002068C168BF
:104ED00021F40051C160204602F0A8FF206801695A
:104EE00021F4904101612068416921F02A0141616A
:104EF0002068C16841F40051C1606564202084F8D5
:104F0000410084F842006563002070BD2DE9F04740
:104F100086B0044614216846FBF737FA7249DFF879
:104F2000C4C123680024704A1039022503260827CB
:104F30006E4863451FD1136843F400231360126861
:104F400002F4002205920A6842F004020A6009682D
:104F500002AB01F004010591B102CDE9001583E82F
:104F6000D0006946FEF7FAFC002211463420FEF715
:104F700099FE342037E0DFF878C1DFF878A1634587
:104F800036D1136843F480131360126802F4801260
:104F900005920A6842F004020A600A6802F00402FC
:104FA00005920A6842F008020A60096802AB01F043
:104FB000080105914FF48051CDE9001583E8D00038
:104FC0006946FEF7CBFC0420CDE9000502AB69463B
:104FD00083E8D0005046FEF7C1FC00221146352080
:104FE000FEF760FE3520FEF74FFE06B0BDE8F08705
:104FF000DFF80481DFF8F0C04FF007090CF1040C72
:10500000434524D1DCF8000040F01000CCF800004B
:10501000DCF8000000F010000590086840F0010086
:105020000860086802AA00F0010005904FF4C06013
:10503000CDE9000582E8500269463048FEF78EFC53
:10504000002211462520FEF72DFE2520CBE7DFF8B4
:10505000B080434520D1106840F4003010601068E3
:1050600000F400300590086840F008000860086807
:1050700002AB00F0080005906020CDE9000583E850
:10508000500269465046FEF769FC00221146262070
:10509000FEF708FE2620A6E71A4A9342A5D1DCF8BF
:1050A000002042F02002CCF80020DCF8002002F0C2
:1050B000200205920A6842F004020A60096802AA06
:1050C00001F004010591C021CDE9001582E8D0006E
:1050D0006946FEF743FC002211464720FEF7E2FD39
:1050E000472080E7004C0040403802400008024062
:1050F00000500040000C024000100140000002403F
:10510000004400400014014090F84230202B01D0B0
:105110000220704721B11AB10023036302F00CBFD3
:10512000012070472DE9F05FCC4900252DED028B61
:105130000068CB4C884272D1001D006801265B28B4
:105140000CD0A379C74F4FF0020B73B32146C64A68
:1051500049792C2805D05D2828D029E0A6716571F1
:105160001EE0C24E012B02D0022B0DD020E0555480
:10517000BD4804F0DDF851EC100BFBF7ACFD3060DE
:10518000657184F806B00BE05554B74804F0D0F8C8
:1051900051EC100BFBF79FFD706065710320A0714F
:1051A0002021B148FBF7F1F80DE120E0032B0CD0F2
:1051B0001F29F9D22E2816D0A0F13003092B12D9BD
:1051C0002D2810D02B280ED0FDE05554A64804F011
:1051D000AFF851EC100BFBF77EFDA5490860A571F7
:1051E00026703E70EFE05054491C6171EBE0A1491C
:1051F000412815D0A0F14102072A17D9082815DD4A
:10520000582813D0592811D04B280FD049280DD039
:105210004A280BD0432809D0472807D008E0D7E018
:105220002279412A02D10A7802B90E703D700E70BF
:105230008B4900F0FF0C84F804C0DFF82CA28E4AE2
:10524000DFF83882DFF838928E4B8F4F8978AAF1D9
:10525000320A4B2808D0492808D04A2806D01B78A3
:105260002BB1012B0CD022E01E700DE01D70A0F1BF
:105270004103072B29D9082818DC82F800C01FE059
:1052800043280AD047280DD088F8005089F80050EC
:1052900041281AD0452818D008E088F8005089F82D
:1052A000006003E088F8006089F800501570DFEDB9
:1052B000770A754A582892ED000A0AD059280BD06F
:1052C0007B2813D07D2817D00AE0A0F1400313708B
:1052D000EDE730EE200A01E030EE600A87ED000ACB
:1052E0006078012803D0022808D06CE066700AF8C4
:1052F00001C0491CA17066E084F801B09AF803204F
:105300005046502A05D04278232A47D0E170D04633
:105310002AE05F48067041E0A178081AFBF7AAFC72
:1053200041EC110B9FED5B0B04F0C6F8E678B0EE94
:10533000408A08EB0600F0EE608A10F8010C303865
:10534000FBF798FC53EC182BFBF722FC41EC180BF5
:105350002069FBF7ADFC53EC182BFBF772FBFBF756
:10536000BAFC761E2061E670E0780428D4D298F862
:1053700001003038032811D2DFE800F002070B00EB
:1053800094ED040A87ED000A08E094ED040A43480E
:1053900002E094ED040A424880ED000A6570A570B1
:1053A000E5709FED408A304884ED048A322132381E
:1053B000FAF7EBFF97ED000AB5EEC00AF1EE10FA2E
:1053C00001D287ED008A26490122C91D36483BE0FB
:1053D0003649884217D1244E60894A36315C0A2901
:1053E0000AD0401C80B26081FF2800D965816089A5
:1053F000311801222E4827E0304445701A484A30BF
:1054000001F0D0FBF2E72B49884223D1A08940F27A
:10541000FF3188420BD2284A217A1154401C80B2B5
:10542000A081B0F5967F0BD9FDF7A0F908E0A58122
:105430004FF480612048FAF7A8FF20A005F0E0FDB6
:105440000749012225480831BDEC028BBDE8F05F19
:10545000FFF75ABEBDEC028BBDE8F09F0044004050
:1054600000010020180100209A0B0020B802002043
:105470000000002048000020490000206C000020AF
:105480006D0000206E0000203C000020000048421B
:105490006F000020000000000000244040000020B9
:1054A00044000020000000002406002000500040BE
:1054B0009405002000140140E40C00205BBEAFB84E
:1054C000E65D20BDD3CAD5BBBAB3E5C7F8D2E7B312
:1054D000F6A3ACD2D1D6D8D6C30D0A006C060020F4
:1054E0002DE9F843044690F84100984616460D46CB
:1054F000202802D00220BDE8F88385B17EB10020CB
:105500006064212084F84100FEF732FBA6848146C6
:10551000E684A0682027B0F5805F02D003E0012078
:10552000E9E7206910B12E4600250EE000260CE0C8
:105530008021204602F01BFDA8B9C6B116F8010B68
:1055400021684860E08C401EE084E08C4B464FF0C0
:105550000002CDF800800028EAD14FF0400120463B
:1055600002F005FD40B184F841700320C3E735F82F
:10557000020BC0F30800E3E784F841700020BAE7AB
:105580007047FEE710B586B014216846FAF7FDFEB5
:105590001148016841F00201016000680F4C00F001
:1055A000020005904FF4406000901120019001200E
:1055B00002900220039069462046FEF7CFF90122AF
:1055C00091022046FEF7CFFA0122D1022046FEF7D3
:1055D000CAFA06B010BD0000303802400004024094
:1055E00070B50D46044600F0D7F8204600F0A4F848
:1055F00000F01AF9284600F09FF800F015F900F0C5
:10560000CBF8641CE0B200F097F800F00DF9002030
:1056100000F05EF8044600F0E7F8204670BD70B573
:1056200015460E46044600F0B7F8204600F084F810
:1056300000F0FAF8304600F07FF800F0F5F8284660
:1056400000F07AF800F0F0F800F0CEF8012070BD1C
:1056500070B50D4C0025C4F8A8520C48016821F41F
:1056600040010160016841F480010160C4F8AC525E
:10567000012004F52A7405F005FD0120206005F0E5
:1056800001FD256070BD0000008040420004024022
:1056900070B50D4C0025C4F8A8520C48016821F4DF
:1056A00040010160016841F4800101600126C4F8F5
:1056B000AC62304604F52A7405F0E4FC2660012053
:1056C00005F0E0FC256070BD00804042000402400F
:1056D0002DE9F047814616480024016821F4400175
:1056E000016001680160134E254627464FF001080E
:1056F000C6F8A872022005F0C5FCC6F8A8826006AC
:10570000040ED6F82C0208B1641CE4B2022005F0A5
:10571000B9FC6D1CEDB2082DEAD3B9F1000F02D02F
:10572000FFF796FF01E0FFF7B3FF2046BDE8F087E3
:1057300000040240008040422DE9F0410646144832
:10574000016821F440010160016841F480010160B9
:10575000104C0027C4F8A8723D464FF00108F0092C
:10576000C4F8AC027006060E012005F08BFCC4F8EC
:10577000A882012005F086FCC4F8A872012005F07B
:1057800081FC6D1CEDB2082DE9D3BDE8F08100006D
:10579000000402400080404270B51148016821F4C5
:1057A00040010160016841F4800101600D4C01205D
:1057B000C4F8AC02D4F82C1249B1C4F8A80205F020
:1057C00061FC0025C4F8AC52D4F82C0208B10020CA
:1057D00070BD012005F056FCC4F8A852012070BD30
:1057E00000040240008040420D4810B5016821F4D9
:1057F00040010160016841F480010160094C002012
:10580000C4F8A802C4F8AC02012004F52A7405F01B
:1058100039FC012020606060BDE8104005F032BC1A
:10582000000402400080404270B512480024016824
:1058300021F440010160016801600F4D0126C5F8A7
:10584000AC62304605F01EFCC5F8A86207E0641C97
:10585000E4B2322C03D9FFF7C7FF002070BD01204E
:1058600005F010FCD5F82C020028F0D1C5F8A802EC
:10587000012070BD000402400080404210B5144673
:10588000FFF7AEFE2070012010BD2DE9F84314464D
:105890001D460F4680466A46089EFFF7EFFF002828
:1058A0001BD0611CFF20C4F1080200FA01F12A4458
:1058B000521ED0400143C5F108008640F2B2C4F147
:1058C0000700C2409DF80000084010438DF800001A
:1058D000C2B23946404600F002F8BDE8F88307B589
:1058E00002AB012200F001F80EBD2DE9F0411E4689
:1058F0001546884607460024FFF74EFF3846FFF757
:105900001BFFFFF791FF4046FFF716FFFFF78CFFE5
:1059100006E0305DFFF710FFFFF786FF641CE4B27E
:10592000AC42F6D3FFF760FF0120BDE8F081000034
:10593000174830EEC00A1749D0ED120A174A91ED08
:10594000001A70EE600A144960EE810A91ED001AA7
:1059500041EE000A90ED111A70EE810A10EE901AD5
:10596000C0ED110A914203DDDFED0D0AC0ED110A11
:1059700010EE901A0B4A914203D9DFED0B0AC0EDED
:10598000110A80ED120ABDEEE00A10EE100A70470F
:105990001801002040000020440000200080BB448B
:1059A0000080BB440080BBC40080BBC4174830EEFD
:1059B000C00A1749D0ED150A174A91ED001A70EE8A
:1059C000600A144960EE810A91ED001A41EE000A66
:1059D00090ED141A70EE810A10EE901AC0ED140AC0
:1059E000914203DDDFED0D0AC0ED140A10EE901AAE
:1059F0000B4A914203D9DFED0B0AC0ED140A80ED8A
:105A0000150ABDEEE00A10EE100A704718010020DA
:105A100040000020440000200080BB440080BB44C4
:105A20000080BBC40080BBC4174830EEC00A1749D1
:105A3000D0ED180A174A91ED001A70EE600A144969
:105A400060EE810A91ED001A41EE000A90ED171AFE
:105A500070EE810A10EE901AC0ED170A914203DD34
:105A6000DFED0D0AC0ED170A10EE901A0B4A9142B5
:105A700003D9DFED0B0AC0ED170A80ED180ABDEE61
:105A8000E00A10EE100A70471801002040000020C4
:105A9000440000200080BB440080BB440080BBC4A5
:105AA0000080BBC4174830EEC00A1749D0ED1B0A6E
:105AB000174A91ED001A70EE600A144960EE810AEF
:105AC00091ED001A41EE000A90ED1A1A70EE810A6B
:105AD00010EE901AC0ED1A0A914203DDDFED0D0AB7
:105AE000C0ED1A0A10EE901A0B4A914203D9DFED6D
:105AF0000B0AC0ED1A0A80ED1B0ABDEEE00A10EE9B
:105B0000100A7047180100204000002044000020C7
:105B10000080BB440080BB440080BBC40080BBC489
:105B200070B5A4B0364B37A28021684602F058FE0B
:105B3000684608F06DFC0F22314920A8FAF742FCB4
:105B400000248DF88F400D2120A8FAF747FC00B102
:105B500004700A2120A8FAF741FC00B1047033A1B7
:105B600020A8FAF74CFC264D143D00B331A120A823
:105B7000FAF745FC00281DD030A120A8FAF73FFC19
:105B800000281FD02FA120A8FAF739FC00281DD02B
:105B9000EC7020AB2DA28021684602F021FE684601
:105BA00008F036FC0021164A08460A3217E0EC706D
:105BB00030A202E00120E87037A28021684602F09E
:105BC0000FFEECE70220E8703CA2F6E70320E87045
:105BD00043A2F2E70020814201D0012300E000232C
:105BE00002EB81063354401C0428F4DB491C0429D1
:105BF000F0DBAC7043A008F00BFC24B070BD0000DB
:105C0000A80100205BCDD8C6CB5D20B3F5CABCBBD4
:105C1000AFCDA8D0C5CDD8C6CBA3ACB5B1C7B04326
:105C200041525F49443A2025730D0A0043415231E5
:105C30000000000043415232000000004341523353
:105C40000000000043415234000000005BCDD8C684
:105C5000CB5D20CEB4D6AA4341525F49443A2025B9
:105C600073A3ACCAB9D3C3C4ACC8CFCBF7D2FD3091
:105C70000D0A00005BCDD8C6CB5D20B1BEB3B5CA5E
:105C8000C743415231A3ACCBF7D2FDC9E8D6C3CE4E
:105C9000AA300D0A000000005BCDD8C6CB5D20B154
:105CA000BEB3B5CAC743415232A3ACCBF7D2FDC98C
:105CB000E8D6C3CEAA310D0A000000005BCDD8C6DD
:105CC000CB5D20B1BEB3B5CAC743415233A3ACCB01
:105CD000F7D2FDC9E8D6C3CEAA320D0A00000000F3
:105CE0005BCDD8C6CB5D20B1BEB3B5CAC743415268
:105CF00034A3ACCBF7D2FDC9E8D6C3CEAA330D0A84
:105D0000000000005BCDD8C6CB5D20CDA8D0C5CDAE
:105D1000D8C6CBB3F5CABCBBAFCDEAB3C90D0A0038
:105D20002DE9F04100272DED028B84B0204E9FED30
:105D3000218A3D4607EB470000EBC70006EB8004D5
:105D4000204684F828500A21FAF71FFB84ED038AC5
:105D500084ED048A84ED088A7F1C65620A2FE9DBE2
:105D60001548164B002745710FCB8DE80F00E8460C
:105D700007EB470000EBC70006EB800458F827103C
:105D800009222046FAF71EFB84F8285084ED038A86
:105D900084ED048A7F1C84ED088A042FE8DB08A0C8
:105DA00008F036FB04B0BDEC028BBDE8F0810000CA
:105DB0008C1200200000000094010020A8180108A7
:105DC0005BB9E3B2A55D20C6E4CBFBD0A1B3B5D0EF
:105DD000C5CFA2CAFDD7E9B3F5CABCBBAFCDEAB304
:105DE000C9A3A8BAAC434152317E43415234BBF9F6
:105DF000B4A1D0C5CFA2A3A90D0A000008B506F032
:105E000047FB164D164EDFF85C80174CDFF85CB090
:105E10004FF0320914274FF4805A00900A21684647
:105E200008F0BCFC2068A842F8DA401C20603178F9
:105E3000012903D198F8001001290AD090FBF7F14D
:105E400007FB11000028E9D151465846FDF783FEB3
:105E5000E4E790FBF9F209FB1200F3E740420F0080
:105E6000910000209000002024000020000002404B
:105E700000EE900A41421E4AB8EEE01A00EE901A77
:105E800000B592ED010AF8EEE00A08F0A9FA00EE7A
:105E9000900A82ED010A174AB8EEE01A00EE901A55
:105EA00092ED010AF8EEE00A08F09AFA00EE900A84
:105EB00082ED010A104AB8EEE01A00EE901A92ED57
:105EC000010AF8EEE00A08F08BFA00EE900A82ED83
:105ED000010A0A4AB8EEE01A00EE901A92ED010AA1
:105EE000F8EEE00A08F07CFA82ED010A00BD00003D
:105EF000080B00201C0B0020300B0020440B00205E
:105F0000BC2801D3012210E0622801D302220CE058
:105F10002A2801D3032208E0142801D3042204E034
:105F20000A2801D3052200E006221A21D020FFF71B
:105F300076BB10B504464FF47A70844201D904460A
:105F400002E0042C00D20424B0FBF4F0401EC2B2E4
:105F50001921D020FFF763FB6008BDE81040FFF770
:105F6000CFBF10B580226B21D020FFF758FBC8208F
:105F700005F06CF800226B21D020FFF750FB0120C8
:105F800000F03AF8002000F02EF83220FFF7D1FFA1
:105F900000223821D020FFF742FB00226A21D020C6
:105FA000FFF73DFB00222321D020FFF738FB8022A2
:105FB0003721D020FFF733FB7521D020FFF710FBEE
:105FC000682801D0012010BD01226B21D020FFF7ED
:105FD00026FB00226C21D020FFF721FB3220FFF7A7
:105FE000A8FF002010BD08B50223009004221C2148
:105FF000D020FFF74AFC08BD08B502230090042218
:106000001B21D020FFF741FC08BD000008B506F0B9
:106010003FFA0A4C40F2EE2500901421684608F041
:10602000BDFB606AA84201DA401C606201F09EF983
:1060300000F030F800F004F8EFE7000090000020D6
:1060400070B53C21D020FFF7CBFA04463B21D0208D
:10605000FFF7C6FA04EB00200D4C3E212080D02033
:10606000FFF7BEFA05463D21D020FFF7B9FA05EB50
:10607000002060804021D020FFF7B2FA05463F2182
:10608000D020FFF7ADFA05EB0020A08070BD000026
:10609000C40000202DE9F0474421D020FFF7A0FAEA
:1060A00004464321D020FFF79BFA04EB002005B201
:1060B0004621D020FFF794FA04464521D020FFF76F
:1060C0008FFA04EB002004B24821D020FFF788FAB1
:1060D00006464721D020FFF783FA06EB002003B2E3
:1060E000164840F2EE2C0021D0F824800126144FEF
:1060F00000F12E0900F12802E04505DA3E70A9F80A
:106100000010A9F8021014E006D13970017819B90D
:1061100015805480938006701088A5EB0001A9F8C3
:1061200000105188A4EB0101A9F802109188A3EB9B
:106130000101A9F80410BDE8F087000090000020DC
:10614000380000207FB50024144800940194029484
:1061500011490394C0E9001484600461047680F856
:1061600020400F49C0E90A140125C561C46080F8C8
:1061700030404561FDF74CFA08B1FCF72FFD0820CF
:10618000CDE90005694602940448FDF7FDF80028B2
:1061900001D0FCF723FD7FBD00200140C402002098
:1061A0000100000F2DE9F04186B014216846FAF78E
:1061B000ECF833480024016841F0100101600168E7
:1061C00001F010010591016841F080010160016852
:1061D00001F080010591016841F001010160016851
:1061E00001F001010591016841F0020101600168BF
:1061F00001F002010591016841F0080101600168A8
:1062000001F008010591016841F004010160006896
:10621000DFF8708000F004004FF4F0450590002294
:1062200029464046FDF79FFC174F4FF48856002241
:1062300031463846FDF797FC00950125CDE901541C
:10624000694640460394FDF789FB0096CDE9015469
:10625000694638460394FDF781FB0820CDE9000428
:10626000694640460294FDF779FBCDE90054694642
:1062700006480294FDF772FB06B0BDE8F08100000D
:1062800030380240000C0240000002400010024082
:1062900010B588B01C216846FAF777F817481649F8
:1062A0000024C0E9001440F23F61C0E902418021AE
:1062B00004618161FEF75EF808B1FCF78FFC0F48BE
:1062C000FEF7FDFB08B1FCF789FC6020CDE9000476
:1062D00002940022694609480494FEF78AFB08B13B
:1062E000FCF77CFC00210548FEF72CFC0348FEF778
:1062F00011FB08B010BD000000440140BC040020A8
:1063000010B588B01C216846FAF73FF817481649BF
:106310000024C0E9001440F23F61C0E9024180213D
:1063200004618161FEF726F808B1FCF757FC0F48BD
:10633000FEF7C5FB08B1FCF751FC6020CDE9000475
:1063400002940022694609480494FEF752FB08B102
:10635000FCF744FC00210548FEF7F4FB0348FEF778
:10636000D9FA08B010BD0000004801400405002023
:1063700010B592B000240F941C2168461094FAF7CF
:1063800004F8202107A8FAF700F834483249C0E998
:10639000001440F23F61C0E9024180210461C0E97C
:1063A0000541FEF78CFB08B1FCF718FC0F940FA910
:1063B0002A481094FDF796FF08B1FCF70FFC602007
:1063C000CDE90004029403940494059400226946E4
:1063D00022480694FEF70DFB08B1FCF7FFFB0422F0
:1063E00069461E48FEF705FB08B1FCF7F7FB0822DB
:1063F00069461A48FEF7FDFA08B1FCF7EFFB0C22DC
:1064000069461648FEF7F5FA08B1FCF7E7FB079472
:10641000089409944FF400500A94CDE90B4007A961
:106420000E480E94FDF734FF08B1FCF7D7FB0021AE
:106430000A48FEF787FB04210848FEF783FB082182
:106440000648FEF77FFB0C210448FEF77BFB034860
:10645000FEF760FA12B010BD000001400C030020EE
:1064600010B58CB024216846F9F78FFF0024194835
:1064700009944FF080410A94C0E900144FF6FF716F
:10648000C0E90241046184610320CDE900040120D8
:10649000CDE9020405210491CDE90540CDE907418C
:1064A00069460C48FEF770F808B1FCF797FB0994B1
:1064B00009A908480A94FDF715FF08B1FCF78EFBFF
:1064C00000210448FEF746F904210248FEF742F98C
:1064D0000CB010BD5403002010B58CB024216846C8
:1064E000F9F753FF00241A48099418490A94C0E99F
:1064F00000144FF6FF71C0E902410461846103207A
:10650000CDE900040120CDE9020405210491CDE983
:106510000540CDE9074169460D48FEF735F808B159
:10652000FCF75CFB099409A909480A94FDF7DAFE17
:1065300008B1FCF753FB00210548FEF70BF90421D5
:106540000348FEF707F90CB010BD0000000400403E
:106550009C03002010B58CB024216846F9F715FF84
:1065600000241A48099418490A94C0E900144FF607
:10657000FF71C0E90241046184610320CDE9000498
:106580000120CDE9020405210491CDE90540CDE9C2
:10659000074169460D48FDF7F7FF08B1FCF71EFB00
:1065A000099409A909480A94FDF79CFE08B1FCF773
:1065B00015FB00210548FEF7CDF804210348FEF73E
:1065C000C9F80CB010BD000000080040E403002032
:1065D00010B58CB024216846F9F7D7FE00241A487C
:1065E000099418490A94C0E900144FF6FF71C0E9F4
:1065F0000241046184610320CDE900040120CDE95A
:10660000020405210491CDE90540CDE90741694621
:106610000D48FDF7B9FF08B1FCF7E0FA099409A9A4
:1066200009480A94FDF75EFE08B1FCF7D7FA00218D
:106630000548FEF78FF804210348FEF78BF80CB0ED
:1066400010BD0000000C00402C04002010B58CB0E0
:1066500000240794089409941C2168460A94F9F7C9
:1066600094FE22482049C0E9001440F23F61C0E98D
:106670000241802104618161FDF77CFE08B1FCF7D5
:10668000ADFA4FF48050079007A91848FDF70EFFA8
:1066900008B1FCF7A3FA1548FEF711FA08B1FCF7A8
:1066A0009DFA6020CDE900040294002269460F485B
:1066B0000494FEF79EF908B1FCF790FA04226946AB
:1066C0000A48FEF796F908B1FCF788FA0021074856
:1066D000FEF738FA04210548FEF734FA0348FEF7BE
:1066E00019F90CB010BD00000040014074040020F6
:1066F0000F4810B50D4901604FF4E13141600021B0
:1067000081600C22C160C0E904128161C161FEF7A1
:10671000CBFB08B1FCF762FA074906480122098859
:10672000BDE8104001440248FEF7EEBC004C0040BA
:106730004C050020E4100020140100200F4810B583
:106740000D4901604FF4E1314160002181600C226C
:10675000C160C0E904128161C161FEF7A5FB08B107
:10676000FCF73CFA0749064801220988BDE81040B9
:1067700001440248FEF7C8BC0050004094050020C8
:10678000E40B00200A0100200C4810B50A49016002
:106790004FF4E1314160002181600C22C160C0E909
:1067A00004128161C161FEF77FFB002803D0BDE8C0
:1067B0001040FCF713BA10BD00100140DC050020AA
:1067C0000E4810B50C4901604FF41651416000218C
:1067D00081600C22C160C0E904128161C161FEF7D1
:1067E00063FB08B1FCF7FAF9BDE810400122044947
:1067F0000248FEF789BC0000004400402406002047
:10680000070100200E4810B50C4901604FF4E1313A
:106810004160002181600C22C160C0E904128161E5
:10682000C161FEF741FB08B1FCF7D8F9BDE81040A3
:10683000012204490248FEF767BC00000014014031
:106840006C06002008010020FEE7FEE730B40021BE
:10685000084B0A465FF0000003EBC004401CC0B2C6
:1068600062548028F8D3491CC9B20829F2D330BC3D
:1068700000F098B8FC06002010B57F2816D83F29F4
:1068800014D80723A3EBD10301F00701C1F10704DA
:106890000121A140064CDBB204EBC000002AC25C1F
:1068A000C9B201D00A4300E08A43C25410BD0000BF
:1068B000FC06002070B53A4D4FF48054002221466A
:1068C0002846FDF750F9012221462846FDF74BF9ED
:1068D0000021AE2000F030F90021D52000F02CF985
:1068E0000021502000F028F90021A82000F024F910
:1068F00000213F2000F020F90021D32000F01CF9F6
:106900000021084600F018F90021402000F014F999
:1069100000218D2000F010F90021142000F00CF966
:106920000021202000F008F90021022000F004F9E5
:106930000021A12000F000F90021C02000F0FCF8A7
:106940000021DA2000F0F8F80021122000F0F4F81D
:106950000021812000F0F0F80021EF2000F0ECF899
:106960000021D92000F0E8F80021F12000F0E4F83F
:106970000021DB2000F0E0F80021302000F0DCF8FE
:106980000021A42000F0D8F80021A62000F0D4F8BF
:106990000021AF2000F0D0F8BDE87040FFF756BFEF
:1069A000000C024070B5114E002400BF04F1B0008D
:1069B000C0B2002100F0C0F80021084600F0BCF889
:1069C0000021102000F0B8F85FF0000506EBC500CC
:1069D0000121005D00F0B0F86D1CEDB2802DF5D303
:1069E000641CE4B2082CE1D370BD0000FC0600205A
:1069F0002DE9FF4F203A1F460C46894602F0FF0A58
:106A00000025DDF834B032E00C2F09D01A4901EB33
:106A10000A104FF00008465D300607D55A4609E0D7
:106A200016490AEB4A0001EB8000F2E7BBF1000FC8
:106A300012D0002221460098FFF71EFF7006641C4A
:106A4000060EE4B2A4EB0900B84207D100984C4608
:106A5000401CC0B2009008E00122EBE708F1010001
:106A600000F0FF08B8F1080FD6D36D1CEDB2BD429F
:106A7000CAD3BDE8FF8F000010FC00089CF7000897
:106A80002DE9FF4F81B00026DDF838A01D46934662
:106A9000814634464FF001084FEA5A0727E0281B89
:106AA000401EC1B20A2006F00CFEBBFBF0F00A212A
:106AB000B0FBF1F201FB120026B9691E8C4201DA2B
:106AC00048B101263030C2B207FB0490C0B2534631
:106AD000CDF8008006E007FB0490C0B253462022A8
:106AE000CDF800800299FFF783FF641CE4B2AC424A
:106AF000D5D305B0BDE8F08FF8B516460D4604466F
:106B0000012714E07A2C02D900241035EDB23A2D79
:106B100003D900242546FFF799FE009732780C230D
:106B200029462046FFF764FF0834E4B2761C30782B
:106B30000028E7D1F8BD00002DE9F047184E0546C2
:106B40004FF4006909B1012200E0002249463046B5
:106B5000FDF709F800244FF400584FF48047002255
:106B600039463046FCF7FFFF280601D5012200E038
:106B7000002241463046FCF7F6FF012239463046F6
:106B8000FCF7F1FF6806641C050EE4B2082CE6D39E
:106B900049463046BDE8F0470122FCF7E4BF00005B
:106BA000000C0240F0B505468FB028214148F9F7A6
:106BB000ECFB00209FED400A3E4C00BF04EB80013F
:106BC000401C81ED020A0428F8DB002684F82560C9
:106BD000287824286BD12846F9F70AFC03280FD31C
:106BE00068784B280CD1012234A1201DF9F7EAFB6B
:106BF000304A33A1A81CF9F735FC012800D1A67052
:106C00002C212846F9F7EAFB401C1ED029491431F3
:106C10000A1FCDE90021131F083A2AA1F9F722FC27
:106C200084F824605FF0000004EB8001896821F0A3
:106C30000041C1F1FF41002904D494F82410491CFB
:106C400084F82410401C0428EEDB21A12846F9F723
:106C5000A7FB00282BD0001D05465D21F9F7BEFBE0
:106C6000002824D0471B312F21D23A46294601A8BB
:106C7000F9F7A8FB01A818A1C6550E482030031F3C
:106C800000901A1F01A8F9F7EDFB03280FD101208E
:106C900084F82500134894ED060A80ED000A94ED6F
:106CA000070A80ED010A94ED080A80ED020A0FB090
:106CB000F0BD0000BC0B00200000C07F4B000000B6
:106CC0002532730025662C25662C25662C2566004A
:106CD0004C4F3D5B0000000025662C25662C256688
:106CE00000000000AC02002010B50446022937DB8A
:106CF00020785B2813D1A0782C28607808D0302821
:106D00000DD339280BD82046BDE8104000F03AB822
:106D1000432820D0462813D0542821D106E0012A48
:106D20001ED110A12046F9F73BFB20B12046BDE85B
:106D3000104000F053BA0EA12046F9F731FB20B104
:106D40002046BDE8104000F0EBB80CA12046F9F752
:106D500027FB002804D02046BDE8104000F092B880
:106D600010BD0000544F504F4C4F475900000000D9
:106D7000464F524D4154494F4E0000004354524C2F
:106D80003A000000F0B5044600788FB05B2862D16D
:106D90005D212046F9F722FB00285CD00027641C07
:106DA00006AA2EA120460697F9F75CFB012852D1CE
:106DB000069800284FDD0A284DDC20212046F9F7EF
:106DC0000DFB002847D0441C002641E00AAA02928D
:106DD0000CA80BA90E97CDE9031009AB08A8CDE9C3
:106DE000000307AB0EAA1EA12046F9F73BFB0728BC
:106DF00031D19DF8393020A21021684601F0F0FC15
:106E00001F496846F9F7FBFA78B1684600F0B8FC0C
:106E100058B10AA8DDED092ADDED080A9DED070A43
:106E200090EC031A684601F0EDF800252021204679
:106E3000F9F7D4FA00280ED0441C6D1C072DF5DBA1
:106E4000002C08D02078002805D05D2803D0761CBF
:106E500006988642BADB0FB0F0BD00002564000042
:106E6000253373202566202566202566202566208B
:106E7000256620256600000043415225630000007E
:106E8000A801002010B5044600788AB05B282DD1F7
:106E900017A12046F9F784FA002827D008A907A8E7
:106EA000CDE9000106AB02AA12A12046F9F7DAFAF1
:106EB00004281BD1144902A8F9F7A1FA002815D11A
:106EC00012489DED060A134980ED000A9DED070A60
:106ED00080ED010A0E489DED080A80ED000A0120B0
:106EE00008700D4908700D49002008700AB010BDE7
:106EF000432C00005B432C255B5E2C5D2C25662C0F
:106F000025662C2566000000A8010020B80200209C
:106F100000000020000100201801002019010020BD
:106F20002DE9F04F80460078D3B05B287ED15EA17A
:106F30004046F9F735FA002878D052AA5BA14046BE
:106F4000F9F790FA012871D19DF84831594D5A4E00
:106F5000DFF86891DFF868A14FF4807B4BA84AA95D
:106F6000532B18D007DC574F4FF00104462B2FD07E
:106F70004C2B04D119E0542B07D0552B5CD052A2D6
:106F8000594606A801F02CFC87E0574900202870DC
:106F9000087056A082E04DAB46AA5AA14046F9F7C8
:106FA00061FA02287CD15BA078E046AA60A1404645
:106FB000F9F758FA012873D12C705F494A48F9F75C
:106FC00039FA3C705DA2594606A801F009FC64E05C
:106FD000CDE900104CAB46AA5EA14046F9F742FA53
:106FE00004285DD10220287046A93F48F9F722FA0B
:106FF0004C9830604A9E8046C9F800604B98CAF8A9
:1070000000003C70F9F754FE04460D463046F9F78F
:107010004FFE06460F464046F9F74AFE0A468DE8FF
:10702000C50046AB50A2594606A800E038E0CDE9BD
:10703000044501F0D5FB30E0CDE900104CAB46AA89
:1070400057A14046F9F70EFA042829D128780228DA
:1070500026D1254946A8F9F7D2F9002820D14C9825
:1070600030604A9E8046C9F800604B98CAF800001C
:10707000F9F71EFE04460D463046F9F719FE06469E
:107080000F464046F9F714FE8DE8C30049A2594661
:1070900006A8CDE9044501F0A3FB06A807F0B8F95E
:1070A00053B0BDE8F08F0000462C00005B462C2555
:1070B00031730000000200200402002008020020BA
:1070C0000C020020180100205BB1E0B6D35D20CE99
:1070D000B4D6AAB1E0B6D3D6B8C1EEC0E0D0CD3AAE
:1070E0002025630D0A000000441400205BB1E0B6C7
:1070F000D35D20CDA3D6B9B1E0B6D3BFD8D6C60DE7
:107100000A0000005B462C532C255B5E2C5D2C2571
:10711000730000005BB1E0B6D35D20CAD5B5BDBF3A
:10712000AACABCB1E0B6D3D6B8C1EE0D0A000000C1
:107130005B462C4C2C257300A80100205BB1E0B607
:10714000D35D20C9E8D6C3CEAAC1ECBABDD5DF0D48
:107150000A0000005B462C462C255B5E2C5D2C252E
:10716000662C25662C2566005BB1E0B6D35D20C990
:10717000E8D6C3CEAAB8FACBE6D5DFA3ACC1ECBA49
:10718000BDD5DF3A257320C6ABD2C628252E326680
:107190002C252E32662C252E3166290D0A00000082
:1071A0005B462C552C255B5E2C5D2C25662C2566BC
:1071B0002C2566005BB1E0B6D35D20B8FCD0C2C61A
:1071C000ABD2C6C1BF2028252E32662C252E3266B2
:1071D0002C252E3166290D0A0000000070B50646E8
:1071E0000078C0B05B2867D134A13046F9F7D8F8F1
:1071F000002861D03EAA32A13046F9F733F90128C0
:107200005AD19DF8F800304D452803D04D2817D0AD
:107210002EA04FE03FAA34A13046F9F723F9012808
:107220004AD13F9800B10120A87008B130A300E016
:1072300031A333A280211EA801F0D2FA1EA839E0A2
:107240001DAA1AAB0A930D921CA81BA9CDE90B101D
:1072500019A818AACDE9082017A916ABCDE906315F
:1072600015A814A9CDE9041013AA10A9039200913E
:1072700012AB11A8CDE901030EAC224626A130467F
:10728000231DF9F7EFF8102816D10120A8700E4B36
:1072900000201E33002103EB800200BF01EB8005BC
:1072A00014F825505554491C0429F7DB401C0428C8
:1072B000F0DB27A007F0ACF840B070BD542C000004
:1072C0005B542C2531730000940100205BCDD8C69F
:1072D000CB5D20CEB4D6AACDD8C6CBD6B8C1EEC031
:1072E000E0D0CD0D0A0000005B542C452C25640035
:1072F000C6F4D3C300000000BDFBD3C300000000F0
:107300005BCDD8C6CB5D20CDD8C6CBB9A6C4DCD268
:10731000D125730D0A0000005B542C4D2C25642CE4
:1073200025642C25642C25642C25642C25642C25AF
:10733000642C25642C25642C25642C25642C256460
:107340002C25642C25642C25642C25640000000069
:107350005BCDD8C6CB5D20CDD8C6CBBED8D5F3B8D3
:10736000FCD0C2CDEAB3C90D0A00000070B56C486C
:107370002DED0A8B88B007A906AB02AACDE9000162
:1073800000F132012C3004F0FBFC654CA41E608837
:10739000C0057CD59DED020AF8EEC00A9FED610A9A
:1073A000B8EE009AB0EE008A20EE801A84ED021A40
:1073B000DDED030A21EE081AF8EEE00A60EE801A0D
:1073C000C4ED031ADDED040A61EE891AF8EEE00A55
:1073D00060EE800AC4ED040A9DED052AB8EEC22ACB
:1073E00022EE000A84ED050A21EE800A01EE200A51
:1073F00010EE100AF9F75CFC41EC100B01F05CFA9E
:107400009FED49AB51EC100B53EC1A2BF9F7C0FB75
:10741000F9F761FCD4ED038A054628EE890A60EE8F
:10742000280A94ED040A20EE08BA4BEE400AB7EEA3
:10743000000A30EE800A10EE100AF9F739FC94EDDC
:10744000050AD4ED020A41EC190B2BEE000A60EE9E
:10745000880A00EEA80A10EE100AF9F729FC41ECA0
:10746000100BB0EE491AF0EE691A01F041FD53EC31
:107470001A2B51EC100BF9F78BFBF9F72CFC94ED60
:1074800002CA0646D4ED039A2CEE0C0A00E043E053
:1074900009EEA90A94ED049AD4ED058A09EE490A89
:1074A00008EEE80A10EE100AF9F702FC29EE890A44
:1074B00041EC1B0B0CEE280A20EE080A10EE100A15
:1074C000F9F7F6FB41EC100BB0EE4B1AF0EE6B1A2D
:1074D00001F00EFD53EC1A2B51EC100BF9F758FB91
:1074E000F9F7F9FBC4E9065600EE100A606A40F2AB
:1074F000EE218842607805DB28B984ED010A01207D
:10750000607000E020B1D4ED010A30EE600A01E0C5
:107510009FED070A84ED080A08B0BDEC0A8B70BD28
:1075200092000020000080300000006066A64C4001
:10753000000000000021022807D003280BD00428F7
:107540000BD005280BD0002070474FF08042506AC6
:10755000516200B27047044A02E0044A00E0044A63
:107560001068116000B270472404004024080040F5
:10757000240C004010B551EC100B2DED068BB0EE35
:10758000438AF0EE629AB0EE42AAB0EE619AF0EE53
:10759000418AF9F7A0FBBDEECA0A154910EE102A80
:1075A000BDEEE90A0860C1ED018A10EE103A81EDE6
:1075B000059AC1E9022381ED048A9900514300EE46
:1075C000101A0C49B8EEC00A81ED000A9FED0A0AB4
:1075D0000A4928EE000A81ED000A094908600948B5
:1075E000C0ED008A084880ED009ABDEC068B10BD06
:1075F000E411002058000020DB0F49405C0000200F
:107600006000002064000020680000209FED271A21
:107610009FED273A062847D2DFE800F003101B262B
:107620002F3AF0EE411A9FED233AF2EE0A2AB3EE1A
:107630000E2A9FED211A9FED210B33E09FED213A99
:10764000F2EE0A2AB3EE0E2ADFED1F1A9FED1F0B92
:1076500028E0F0EE411AF2EE0A2AB3EE0E2A9FED70
:107660001D1A9FED1D0B1DE0F2EE0A2AB3EE0E2A45
:10767000F0EE411A9FED1A0B14E0F0EE411AF2EE13
:107680000A2AB3EE0E2A9FED181A9FED180B09E097
:107690009FED183AF2EE0A2AB3EE0E2AF0EE411AE6
:1076A0009FED150BFFF766BF70470000000000005C
:1076B000B81E853D9A99993D7B14AE3D022B8716E5
:1076C000D9CEB73F8FC2753DE17A943E00000000ED
:1076D00000000000BC74133E000000806ABCC43F80
:1076E000000000A0EFA7C63FE926313E000000C021
:1076F0009DEFC73FC520303D000000E07A14CE3F2B
:1077000070B51B4D1B4E40F23F64002804DA2C601C
:1077100000F23F60306004E03460A0F23F6040421D
:1077200028601548002904DA446301F23F6181634F
:1077300004E08463A1F23F61494241630F48002A9B
:1077400004DA446302F23F62826304E08463A2F2DB
:107750003F6251424163002B04DAC46303F23F638A
:10776000036470BD0464A3F23F635942C16370BDFA
:1077700034440140344801400040014000000140D1
:1077800070B5194D0646A0B0A878E8B1002417A13D
:107790003046F8F734FEF8B116A13046F8F72FFE60
:1077A000A8B116A13046F8F72AFE90B115A13046CF
:1077B000F8F725FE78B1334614A28021684601F01F
:1077C0000FF8684606F024FE012020B070BD0124A9
:1077D00002E0022400E003240348E9781E3000EBB5
:1077E0008400405CF1E700009401002043415231E5
:1077F0000000000043415232000000004341523378
:107800000000000043415234000000005BCDD8C6A8
:10781000CB5D20CEB4D6AAD0A1B3B549443A202539
:1078200073A3ACC4ACC8CFD4CAD0EDBDD3CAD50DF8
:107830000A00000000B5B0EE602AF0EE411AF0EE4A
:10784000400A9FED470A474890ED001ADFED462AAF
:10785000F5EEC00AF1EE10FA02DD31EE001A0EE08C
:10786000F5EEC00AF1EE10FA02D231EE401A06E04F
:10787000F5EEC00AF1EE10FA03D121EE221A80EDE6
:10788000001A3849B5EEC02A91ED011AF1EE10FA4E
:1078900002DD31EE001A0EE0B5EEC02AF1EE10FA6C
:1078A00002D231EE401A06E0B5EEC02AF1EE10FA2F
:1078B00003D121EE221A80ED011A2A49F5EEC01AF1
:1078C00091ED021AF1EE10FA02DD31EE000A0EE03F
:1078D000F5EEC01AF1EE10FA02D231EE400A06E0DF
:1078E000F5EEC01AF1EE10FA03D121EE220A80ED76
:1078F000020AB0EE600A04F0B7FDB0EE401AB0EE36
:10790000600A04F0B1FDF1EE400A90ED000A06F0C5
:1079100067FD80ED000AB0EE420A04F0A5FDB0EE6E
:10792000401AB0EE420A04F09FFDF1EE400A90EDDD
:10793000010A06F055FD80ED010AB0EE610A04F07F
:1079400093FDB0EE401AB0EE610A04F08DFDF1EE49
:10795000400A90ED020A06F043FD80ED020A00BDE8
:107960000AD7233CFC0A00206666663F10B507F084
:10797000B1FC012803D0BDE8104007F0A1B910BD4B
:1079800010B592B030216846F8F7FFFC14210CA81E
:10799000F8F7FBFC17480024016841F080510160B2
:1079A000006800F0805011901348016841F4804154
:1079B00001600068069400F480401190022000905D
:1079C00001200390102004906846FCF7A9FA08B142
:1079D00072B6FEE70F20CDE90C040E940F9400213F
:1079E0000CA81094FCF790F9002801D072B6FEE7BD
:1079F00012B010BD403802400070004002480168DB
:107A000041F470010160704788ED00E00148FCF727
:107A1000E9BE0000B4060020F0B50268274B284DEF
:107A2000284E294F294C4FF0804C984209D0604590
:107A300007D0A84205D0B04203D0B84201D0A0423E
:107A400004D122F0700E4A6842EA0E0298421BD01E
:107A5000604519D0A84217D0B04215D0B84213D013
:107A6000A04211D01A4DA8420ED01A4DA8420BD0F8
:107A7000194DA84208D0194DA84205D0184DA8426A
:107A800002D0184DA84203D122F44075CA682A4397
:107A90004D6922F080022A438D68C5620D688562B7
:107AA000984201D0A04201D109690163016841F007
:107AB00004010160012141610260F0BD000001404C
:107AC0000004004000080040000C00400004014099
:107AD00000400140004401400048014000180040BF
:107AE000001C00400020004010B501F01F030121E0
:107AF000046A99408C430462016A9A40114301620E
:107B000010BD10B5846842EA032224F47F440A437E
:107B10002243826010BD826822F070020A4342F064
:107B20000701816070470000F0B5036A026A22F025
:107B30000102026242688469124E24F073050C68E7
:107B40002C4323F002058B682B430D4DA84201D036
:107B5000B04205D123F00807CB683B4323F0040370
:107B6000A84201D0B04205D14D6922F440721543BC
:107B70008A692A4342608461496841630362F0BDB7
:107B80000000014000040140F0B5026A036A23F0DE
:107B900010030362436884690D6824F4E64444EAF0
:107BA00005248D6822F0200242EA05120F4D104E86
:107BB000A84201D0B04206D1CF6822F0800242EA4A
:107BC000071222F04002A84201D0B04207D14D690D
:107BD00023F4406343EA85038D6943EA85034360E8
:107BE0008461496881630262F0BD000000000140C9
:107BF00000040140F0B5026A036A23F48073036253
:107C00004368C46922F4007224F073050C68124EB4
:107C10002C438D6842EA05220E4DA84201D0B042A5
:107C200006D1CF6822F4006242EA072222F4806281
:107C3000A84201D0B04207D14D6923F4405343EA32
:107C400005138D6943EA05134360C4614968C16344
:107C50000262F0BD000001400004014030B5046A3A
:107C6000026A22F4805202624268C3690D6823F4FA
:107C7000E64343EA05238D6824F4005444EA0534BE
:107C8000084DA84202D0084DA84204D14D6922F403
:107C9000804242EA85124260C3614968016404621D
:107CA00030BD0000000001400004014010B5036A2F
:107CB000046A24F001040462846924F0F00444EAB4
:107CC000021423F00A020A438461026210BD10B557
:107CD000036A046A24F010040462846923F0A00398
:107CE00024F4704444EA023243EA011182610162E1
:107CF00010BD00000148FCF797BF00004C050020B4
:107D00000148FCF791BF00009405002010B5806B7E
:107D10000021C185FCF786FF10BD01680C3151E8D8
:107D2000002F22F4907241E80023002BF5D1016866
:107D3000143151E8002F22F0010241E80023002B0A
:107D4000F5D1016B012909D101680C3151E8002FEF
:107D500022F0100241E80023002BF5D1202180F809
:107D6000421000210163704708B590F842102229A3
:107D700001D0022008BD82684FF480539A4201D19D
:107D8000016921B1816A9A421BD04AB10AE00268B6
:107D9000816A5268C2F308020A80816A891C08E07D
:107DA000026972B10268526802F07F020A70816A49
:107DB000491C8162C18D491E0904090CC18503D08B
:107DC0001BE002685268F1E70168CA6822F02002ED
:107DD000CA600168CA6822F48072CA6001684A6990
:107DE00022F001024A61202180F842100021416303
:107DF000026B012A03D0FDF795F9002008BD01634D
:107E000001680C3151E8002F22F0100241E80023F4
:107E1000002BF5D101680A68D20602D50A684968C4
:107E20000091818DFCF7FDFEE7E7000070B5044688
:107E300000680169E26821F4405111430161216940
:107E4000A068E26908436169114308432168CA6870
:107E500049F20C639A430243CA6020684169A269EF
:107E600021F440711143416131492068884202D0B8
:107E70003049884202D1FCF711F801E0FBF7FEFF20
:107E8000E2690023192164253226B2F5004F6268A9
:107E900028D0A0FB0101930F9200F8F7EDF90146FD
:107EA000B0FBF5F06FF01802504301EB800006EBD9
:107EB0000010B0FBF5F000F0F002B1FBF5F002EBC2
:107EC0000012B1FBF5F06FF01803584301EB80008E
:107ED00006EB0010B0FBF5F000F00F002168104435
:107EE000886070BDA0FB010192185B41F8F7C4F9EE
:107EF0000146B0FBF5F00201B1FBF5F06FF018039D
:107F0000584301EB800006EBC000B0FBF5F000F039
:107F1000F80002EB4002B1FBF5F0584301EB8000A2
:107F200006EBC000B0FBF5F000F00700D6E700005C
:107F3000001001400014014081628285C285002149
:107F40004164222180F84210016921B10168CA68A8
:107F500042F48072CA6001684A6942F001024A61D3
:107F60000068C16841F02001C160002070472DE920
:107F7000F843984617460D460446089E24E0701CB8
:107F800022D0FBF7F5FDA0EB0800B0421AD8CEB125
:107F90002068C168490717D5802D15D0402D13D012
:107FA0000168C94309070FD40168002540680090A3
:107FB0002046FFF7B2FE0820606484F8405001209C
:107FC000BDE8F8830320FBE72068006835EA00007D
:107FD00004D00020B842D2D00020F1E70120F9E718
:107FE0000148FCF721BE0000DC0500200148FCF739
:107FF0001BBE0000240600200148FCF715BE00004F
:108000006C0600202DE9F0412DED068B88B0B0EE16
:10801000628AF0EE428AB0EE619AF0EE419AB0EEDA
:1080200060AAF0EE40AA8046FBF7A2FD334F344E23
:108030000546002404EB440000EBC40007EB80007D
:1080400090F8281019B14146F8F7D9F918B1641C15
:108050000A2CEFDB15E0002C13DB04EB440000EBF3
:10806000C40007EB8000C0ED03AA80ED04AAC0EDB8
:10807000059A80ED069AC0ED078A80ED088A456270
:108080000CE0002000EB400101EBC00107EB810197
:1080900091F8281099B1401C0A28F3DBF06840B130
:1080A0002B1A18A22021684600F09AFB684606F0B9
:1080B000AFF9F56008B0BDEC068BBDE8F08100EBD0
:1080C000400101EBC00007EB800409224146204635
:1080D000F8F778F9C4ED03AA84ED04AAC4ED059A73
:1080E00084ED069AC4ED078A84ED088A0120656252
:1080F00084F828007079401C7071CFE78C12002042
:10810000940100205BBCE4B8F45D20256C756D73B0
:108110000A000000FEE7000070B5FBF729FD124CD5
:108120000546E06918B911A0E56106F071F9E0694A
:10813000291A43F698200025814205D90FA006F0A0
:1081400067F9E56125710CE0207940F2771210FBA8
:1081500002F2B1EBC20F05D9401C207110A006F04D
:1081600057F9257070BD0000D40100205769466999
:10817000C1ACBDD3D6D02E2E2E0D0A005BC1ACBD36
:10818000D35D20C1ACBDD3B3ACCAB1A3ACBBD8B531
:10819000BDB3F5CABCBBAFD7B4CCAC0D0A00000070
:1081A0005BC1ACBDD35D20B3A2CAD4C1ACBDD357B3
:1081B000694669CDF8C2E72E2E2E0D0A0000000098
:1081C00070B5FBF7D5FC104C0546A06A00B9A56256
:1081D000E068854217D90DA006F01AF9114800266B
:1081E0004EF660210670A06A281A884206D90EA0B1
:1081F00006F00EF905202070A66200E0267041F21C
:1082000088302844E06070BDD4010020B3A2CAD4F5
:10821000D6D8D0C2C1ACBDD3576946692E2E2E0D1B
:108220000A000000940100205BB4EDCEF35D20B3A2
:10823000A4CAB1BCE4CEDEB7A8BBD6B8B4A3ACB375
:10824000A2CAD4D3B2BCFEB8B4CEBB0D0A000000A3
:1082500070B5FBF78DFC164C054642F2107660694E
:10826000281AB04216D913A006F0D2F832461AA145
:108270001BA0FAF7DDFA002668B11BA006F0C8F8CB
:108280006561E078032805D31EA006F0C1F804203C
:108290002070E67070BD25A006F0BAF840F6B83040
:1082A000FBF74AFBE078401CE0702670E8E700002E
:1082B000D40100205BD3B2B8B4CEBB5D20B3A2CA58
:1082C000D4D3B2BCFEB8B4CEBB45535038323636E8
:1082D0002E2E2E0D0A0000007265616479000000E8
:1082E00041542B52535400005BD3B2B8B4CEBB5DA3
:1082F0002045535038323636B8B4CEBBCAA7B0DCAE
:108300000D0A00005BD3B2B8B4CEBB5D20C1ACD0C7
:10831000F8B8B4CEBBCAA7B0DCA3ACBDF8C8EBB408
:10832000EDCEF3D7B4CCAC0D0A0000005BD3B2B8ED
:10833000B4CEBB5D2045535038323636B8B4CEBBD0
:10834000B3C9B9A60D0A000030B591B0FBF710FC17
:10835000194D0446A86918B918A0AC6106F058F880
:10836000A86947F23051201A0024884207D918A082
:1083700006F04EF80520AC61287011B030BDAC702D
:108380006C70FAF717F828B111B06420BDE83040DE
:1083900006F0CEB9174B18A24021684600F020FA2B
:1083A000684606F035F8FBF7E3FB286103202870E8
:1083B000AC61EC70E1E70000D4010020B3F5CABC69
:1083C000BBAF57694669C4A3BFE92E2E2E0D0A0024
:1083D0005BB3F5CABCBBAF5D20B3ACCAB1A3ACBD47
:1083E000F8C8EBD3B2BCFEB8B4CEBBD7B4CCAC0D9E
:1083F0000A000000A801002057694669C4A3BFE92C
:10840000B3F5CABCBBAFB3C9B9A6A3ACD0A1B3B5D1
:1084100049443A2025730D0A000000002DE9F0417F
:10842000FBF7A6FB304C0646304920690025301A80
:10843000884205D92EA002F0E3FD2570BDE8F08149
:10844000606A47F23051301A344F88420DD9A07912
:10845000142809D932A002F0D3FD3D70FAF7F8F8DC
:1084600088B13AA002F0CCFD6662607880B1012844
:10847000E4D13EA002F0C4FD3D7002202070657082
:10848000A570A571DAE740A002F0BAFDA571EBE78F
:10849000A068301A3228D1D9434890EC020A4348E8
:1084A00090ED003A4248D0ED002A424890ED002A73
:1084B0004148D0ED001A414890ED001AFAF7A2FAAF
:1084C00078B1A078401CC0B2A070A179491CA171FC
:1084D000C82804D30120607039A002F091FDA66085
:1084E000ACE7A570A571FAE7D401002080EE360054
:1084F0005BBDA1BFB5BCECB2E95D20C1ACBDD3CAC8
:10850000B1BCE4B9FDB3A4A3ACD6F7B6AFD6D8D00E
:10851000C2B3F5CABCBBAF0D0A0000009401002035
:108520005BBDA1BFB5BCECB2E95D20554450C1AC08
:10853000BDD3D2ECB3A3A3ACB3A2CAD4D6D8D0C215
:10854000B3F5CABCBBAF2E2E2E0D0A005BBDA1BF7A
:10855000B5BCECB2E95D20554450D6D8D0C2B3F5D5
:10856000CABCBBAFCAA7B0DC0D0A00005BD7B4CC55
:10857000ACBBFA5D20BFAACABC554450D6D8C1AC2A
:10858000C1F7B3CC0D0A00005BBDA1BFB5BCECB216
:10859000E95D20554450D6D8D0C2B3F5CABCBBAFB4
:1085A000B3C9B9A60D0A0000AC02002034010020B6
:1085B000300100202C01002008000020B000002025
:1085C0005BD7B4CCACBBFA5D20C1ACD0F8CAA7B0C5
:1085D000DCB9FDB6E0A3ACD7AACEAAB6CFBFAAD766
:1085E000B4CCAC0D0A00000070B5FBF7C1FA154C15
:1085F000064641F28831206A301A884215D96079DE
:10860000401C607110A002F0FBFCFAF721F8002575
:1086100060B116A002F0F4FC6079032804D318A01E
:1086200002F0EEFC25706571266270BD1EA002F09E
:10863000E7FC032020706570A5706571FBF798FA60
:108640002061F1E7D40100205B5544505D20B3A2C6
:10865000CAD4D6D8D0C2B3F5CABCBBAF554450C1FA
:10866000ACBDD32E2E2E0D0A000000005B554450E9
:108670005D20554450D6D8C1ACCAA7B0DC0D0A0065
:108680005B5544505D20C1ACD0F8D6D8C1ACCAA768
:10869000B0DCA3ACBBD8B5BDB3F5CABCBBAFD7B4D7
:1086A000CCAC0D0A000000005B5544505D205544E1
:1086B00050D6D8C1ACB3C9B9A60D0A0008B513A0ED
:1086C00005F0A6FE03F0E4FE154C00901421684668
:1086D00006F064F8FAF74AF820780628F6D2DFE8C0
:1086E00000F00306090C0F12FFF72EFEEEE7FFF76E
:1086F00013FDEBE7FFF778FFE8E7FFF78FFEE5E70D
:10870000FFF75EFDE2E7FFF7A3FDDFE75769466984
:10871000C8CECEF1C6F4B6AF2E2E2E0D0A00000044
:10872000D401002000B570EEC01A9FED210A214946
:1087300002E000BF71EEC01A11EE900A8842F9DC27
:108740001D4900BF11EE900A884202D971EE801ACD
:10875000F8E71A48B7EE002A90ED1C0A30EE210A1D
:1087600080ED1C0AD0ED090A82EE201AF1EE410AD2
:1087700005F036FE80ED1C0AD0ED080A90ED091ACE
:1087800090ED0A2A60EEA10A41EE000A90ED1D0A62
:10879000C0ED1D1A5DF804EB31EEC01AB0EE600AB0
:1087A000FFEE000A02EE010AB7EE001A05F018BE4D
:1087B0000000B44300003443000034C3180100201B
:1087C0000FB4054B10B503A9044A029802F002F851
:1087D00010BC5DF814FB000079C4000810000020F4
:1087E0000FB41CB50246002007AC00290BD0491E6F
:1087F000CDE90021054B6A462146069801F0EAFFC3
:10880000009A002111701CBC5DF814FB03AF000836
:108810000FB4084B10B504A902AA039801F0DAFFBF
:10882000044602A9002002F077FB204610BC5DF848
:1088300014FB000019AF000803B401984100009830
:1088400050EAC12018BF04204A0D18BF40F00100B3
:1088500040F2FF72B2EB515F08BF40F00200012806
:1088600008BF052002B070474100080218BF04206D
:108870000A0E18BF40F001004FF07F4232EA0101BA
:1088800008BF40F00200012808BF05207047090713
:10889000090E002804DB00F1E02080F80014704786
:1088A00000F00F0000F1E02080F8141D7047000078
:1088B00000487047A802002070B5C1482DED020B9A
:1088C0002DED0E8B82B0119D25F000449FEDBEDB97
:1088D0009FEDBFEB84423EDBA4F140511098A1F123
:1088E0007F6108430FD0BC48844202DC28D1109835
:1088F00030B39DED100B02B0BDEC0E8B02B0BDE8A5
:10890000704001F07DBD9DED100B53EC1D2B51EC23
:10891000100BF8F73DF99DED100B41EC180B53ECE3
:108920001E2B51EC100BF8F733F953EC182BF8F71A
:1089300088F841EC100B02B0BDEC0E8B02B070BD9C
:10894000012001F077FE02B0BDEC0E8B02B0BDE855
:10895000704001F069BDA1489FEDA18B844256DAB9
:108960009DED100BB4F1795F0ADA51EC100BFFF7B3
:1089700063FF042808BF01F077FD9DED100BDAE7D7
:1089800053EC102B51EC100BF8F702F941EC190BDA
:1089900095480621B0EE490AF0EE690A784401F0E4
:1089A00098FC53EC192B51EC100BF8F7F1F841EC53
:1089B0001A0B8E48B0EE490AF0EE690A0421784499
:1089C00001F087FC53EC192B51EC100BF8F7E0F891
:1089D00053EC182BF8F735F841EC100B51EC1A0B4F
:1089E00053EC102BF8F736FBCDE900019DED000BA1
:1089F00053EC102B9DED100B51EC100BF8F7C8F851
:108A00009DED101B53EC112BF8F71BF8D2E09DEDF8
:108A1000100B51EC100B03F01BFD53EC182BF8F767
:108A2000B4F89FED730BCDE9000153EC102B9DEDD5
:108A3000000B51EC100BF8F7ABF841EC190B6E483A
:108A40000621B0EE490AF0EE690A784401F041FCD3
:108A500053EC192B51EC100BF8F79AF841EC1B0B67
:108A60006648B0EE490AF0EE690A0421784401F044
:108A700030FC53EC192B51EC100BF8F789F853EC40
:108A8000182BF7F7DEFF41EC1C0B51EC190B05F02E
:108A900009FC41EC180B5A489FED5BABA04222DC6D
:108AA00053EC1C2B51EC1B0BF8F7D4FACDE9000169
:108AB0009DED000B51EC180B53EC102BF8F768F8F8
:108AC00053EC182BF7F7BDFF53EC1A2BF8F760F8AF
:108AD00053EC1D2BF8F756F853EC1E2BF8F755F80E
:108AE00041EC100B5FE08DED008B002000909DEDC0
:108AF000000B51EC180B53EC102BF7F7A2FF9DED78
:108B0000000B41EC1E0B53EC102B51EC100BF8F743
:108B10003FF853EC192BF8F738F853EC1E2BF8F705
:108B200099FA41EC190B53EC1C2B51EC1B0BF8F789
:108B300091FA41EC1B0B53EC1A2B51EC190BF8F783
:108B400027F853EC1D2BF8F720F841EC190B53ECE8
:108B50001A2B51EC180BF8F71BF853EC1B2BF8F7FA
:108B600017F853EC192BF8F70DF89DED000B41ECBD
:108B7000180B53EC1A2B51EC100BF8F709F89FED7A
:108B8000249B53EC192BF8F700F841EC100B51EC37
:108B9000180B53EC102BF7F7F5FF53EC192BF7F7E5
:108BA000F4FF41EC100B002D3FF7C5AE51EC100B5C
:108BB00081F0004141EC100BBDE600000000000018
:108BC0000000F03F00000000075C143326A6913C33
:108BD000182D4454FB21F93F0000F07F0000E03FD6
:108BE000000000000000F03F188F0000268F0000FA
:108BF000000000000000E03F6A8E0000788E000058
:108C00003333EF3F00000000000000000000004090
:108C1000182D4454FB21E93F70B59B482DED020B04
:108C20002DED068B079D25F00044A04218DC9748E7
:108C3000844202DC0AD1069840B19DED060BBDECE2
:108C4000068B02B0BDE8704001F0DABB002DCCBF4E
:108C50009FED8F0B9FED900BBDEC068B02B070BDAE
:108C60008F48A04215DD8F48A042D8BF4FF0FF3497
:108C700058DD9DED060B51EC100BFFF7DDFD0428D0
:108C800008BF01F0F1FB9DED060BBDEC068B02B0B9
:108C900070BD9DED060B51EC100B03F0D9FBCDE937
:108CA000060181489FED828BA0423CDD8248A042B4
:108CB0001FDD00249FED82AB9DED060B53EC1A2BBC
:108CC00051EC100BF7F7BDFE9DED060B41EC190BB7
:108CD00053EC1A2B51EC100BF7F75AFF53EC182BEF
:108CE000F7F750FF53EC192BF8F7B4F9CDE906016B
:108CF00049E09DED060B012453EC182B51EC100BB1
:108D0000F7F79FFE9DED060B41EC190B53EC182B6A
:108D100051EC100BF7F736FF53EC192BF8F79AF9D3
:108D2000CDE906012FE06848A0421FDD02249FED37
:108D3000689B9DED060B53EC192B51EC100BF7F7CC
:108D400027FF53EC182BF7F77CFE9DED060B41EC4B
:108D5000180B53EC192B51EC100BF7F713FF53ECD6
:108D6000182BF8F777F9CDE906010CE09DED060B1D
:108D7000032453EC102B9FED580B51EC100BF8F71C
:108D800069F9CDE906019DED060B53EC102B51EC72
:108D9000100BF7F7FDFE41EC180B53EC182BF7F70F
:108DA000F7FE41EC190B4E480621B0EE490AF0EEF1
:108DB000690A784401F08DFA53EC182B51EC100B32
:108DC000F7F7E6FE41EC180B4648B0EE490AF0EE24
:108DD000690A0521784401F07CFA53EC192B51EC17
:108DE000100BF7F7D5FE41EC100B51EC180B53ECC0
:108DF000102B002C0EDAF7F724FE9DED061B53EC2A
:108E0000112BF7F7C5FE9DED061B53EC112BF7F761
:108E1000BCFE35E0F7F715FE9DED061B53EC112B5C
:108E2000F7F7B6FE41EC100B2F48784400EBC40076
:108E300090ED001B51EC100B53EC112BF7F7A2FE39
:108E40009DED061B53EC112BF7F79CFE41EC100B2C
:108E50002648784400EBC40090ED001B51EC100B49
:108E600053EC112BF7F791FE41EC100B002DA2BF34
:108E7000BDEC068B02B070BD51EC100B81F00041CF
:108E800041EC100B01E70000000010440000F07FEF
:108E9000182D4454FB21F93F182D4454FB21F9BFF0
:108EA0000000DC3F0000203E0000F33F0000000017
:108EB000000000000000F03F0000E63F000000005E
:108EC000000000000000004000800340000000009F
:108ED000000000000000F83F000000000000F0BFAC
:108EE000428C0000F88B0000828B00003A8B00005F
:108EF00070B56B4E2DED040B2DED028B82B0DDF8BD
:108F00001CC0DDE905235C422CF000411C4341EA12
:108F1000D474049D22F00040B44205D86C422C4326
:108F200040EAD474B4420BD99DED061B9DED040BB1
:108F300002B0BDEC028B04B0BDE8704001F06ABA2B
:108F4000ACF14054A4F17F641C430BD0022404EA2A
:108F5000AC7444EAD27405439FED538B9FED542BC0
:108F600007D015E09DED040B51EC100B02F022F838
:108F700042E0002C11BF012C9DED040B02B0BDECB2
:108F8000028B04BF04B070BD022C38D0032C3BD040
:108F90000B439FED491B9FED4A0B0AD0B14218D1FC
:108FA000B04209D121F0804120F080400791059026
:108FB0000FE0002A15DA10E0434B7B44002C08BF79
:108FC00093ED000B0DD0012C10D0022C17D0032CE8
:108FD0001AD0B0421DD1002A03DAB0EE410AF0EEF9
:108FE000610A02B0BDEC028B04B070BD93ED000BC2
:108FF00051EC100B81F0004141EC100BF1E7B0EEA9
:10900000480AF0EE680AECE7B0EE420AF0EE620AB7
:10901000E7E7401A00153C28C8BF8DED000B19DCAE
:10902000BCF1000FBEBF10F13C0F9FED290B8DED81
:10903000000B0FDB9DED060B53EC102B9DED040B8D
:1090400051EC100BF8F706F803F002FA01F0B2FF4A
:10905000CDE90001002C08BF9DED000BC1D0012C13
:1090600010D0022C9FED1C0B53EC102B9DED000B30
:1090700051EC100B0DD0F7F785FD53EC182BF7F7DB
:1090800081FDB9E7019880F0004001909DED000B53
:10909000A7E7F7F777FD53EC182BF7F776FDABE76B
:1090A0000000F07F00000000182D4454FB2109400F
:1090B000182D4454FB2109C0182D4454FB21F9BF3D
:1090C000182D4454FB21F93F6A8A0000000000007B
:1090D0000000000000000000075C143326A6A13C3D
:1090E00010EE100A10B510EE901A4FF0684202EB25
:1090F00040032DED028BB3F1654F3CBF02EB410203
:10910000B2F1654F7CD200BFC0F3C753C1F3C75261
:109110009A1A1B2A09DD10F0004F14BF9FED6E0A4A
:109120009FED6E0ABDEC028B10BD12F11A0F1BDA17
:1091300011F0004F09D010F0004F0CBF9FED680AEE
:109140009FED680ABDEC028B10BD80EE208A18EE00
:10915000100AFFF789FB042808BF01F0A3F9B0EE5D
:10916000480ABDEC028B10BD4200B2EB410F37D96B
:1091700010F0004F19BFDFED5C1A9FED5C1ADFEDB8
:109180005C1A9FED5C1AB0EE602A0A46F1EE400AC6
:1091900080F00041B0EE420A10460A1A5200B2F1C5
:1091A000807F34D2484010F0004FDFED532A9FED0E
:1091B000533A1DBFBEEE002A71EEE21A31EE431A99
:1091C000B6EE002A04BF71EEA21A31EE031AF0EED9
:1091D000402A42EE602A40EE020A82EEA02A18E0FF
:1091E00011F0004F04BF9FED461AF0EE411AD4D0A3
:1091F00010F0004F1CBFDFED431A9FED431A00E053
:1092000026E004BFDFED411A9FED411AC5E780EE6D
:10921000202A22EE020ADFED3F0ADFED3F2ABDECF5
:10922000028B40EE202ADFED3D0A40EE220ADFED00
:109230003C2A40EE202ADFED3B0A40EE220A22EED5
:10924000000A00EE201A31EE020A30EE210A10BDAB
:109250004FF07F42B2EB400F28BFB2EB410F05D277
:10926000BDEC028BBDE8104001F011B940EA0103EA
:109270005B0008BF41F0FF410BD0B2EB400F08BFCD
:10928000B2EB410F08D120F0804000EE100A21F02F
:10929000804100EE901A37E7B2EB400F12BF5FEA51
:1092A000410240F0FF4001F000413FF42DAF4A0081
:1092B00092EA40033FF528AF002AACBF9FED1A1A8F
:1092C0009FED1A1A20EE010A60EE810A10EE100AD4
:1092D00010EE901A18E70000DB0FC9BFDB0FC93F83
:1092E000DB0F4940DB0F49C00000C9BF22AAFDB90E
:1092F0000000C93F22AAFD390060ED3EC30ACE3707
:1093000000000000000049C022AA7DBA00004940C8
:1093100022AA7D3A2DAD65BD8FB8D53D0FB511BEE2
:1093200061C84C3EA8AAAABE0000804F0000802F52
:1093300030B583B0044601F067F99FED090B05468F
:109340008DED000B002221466846F7F784FD284684
:1093500001F070F99DED000B03B030BD000000007E
:10936000000000000000000010EE101A08B5444A8A
:109370006846B2EB410F28D94FF0E640B0EB410F01
:1093800094BF00204FF0FF3000900098002861DB70
:1093900060EE000A10F0010F45D010F0020FDFED73
:1093A000391A9FED391A00EEE11ADFED381A40EE56
:1093B000811A21EEA01AF0EE400A40EE010A08BF21
:1093C000F1EE600AB0EE600A08BD314B21F00042B8
:1093D00093423CD911F0004FDFED2E0A20EE201A07
:1093E000DFED2D0A19BF31EE601A71EE200A31EE61
:1093F000201A71EE600ABDEEE01A11EE100A9FED20
:10940000271A00F0030000EEC10A9FED251A009014
:1094100000EEC10A9FED231A00EEC10A9FED221A49
:1094200000EEC10AB1E79FED211A9FED210A10F06D
:10943000020F00EE810A9FED1F1A00EE801AB7EEB0
:10944000000A00EE810A18BFB1EE400A08BD01F023
:1094500031F89AE710EE100A4000B0F17F4F3CBFA0
:10946000B7EE000A08BD07D14FF0010001F0E2F8A5
:10947000BDE8084001F00EB8BDE8084001F004B8AE
:10948000B61F927E336D4C39DA82083CA0AA2ABE00
:10949000490E494683F9223F0000004B0000C93FB6
:1094A00000A0FD390020A2331A61342CB93AB2BAB7
:1094B000CA9F2A3DDDFFFFBE2DE9F04D2DED040BC7
:1094C0002DED0E8B96B0DDE92550279CDDF890A0A0
:1094D00025F0004624F00048BAF1000F14BF012126
:1094E000002101EB4502FC4953184A1093422AD34C
:1094F000002814BF0123002303EB44030B44F74966
:109500008B4220D358EA00019FEDF59B76D0DFF81F
:10951000D8B35D4503D1BAF1000F05D188E0BAF1A7
:10952000000F08BF002100D0012101EB450111F51A
:10953000001F08D8002814BF0121002101EB4401BD
:1095400011F5001F0BD99DED261B9DED240B16B0C8
:10955000BDEC0E8B04B0BDE8F04D00F05BBF002702
:10956000002DBCBFE149884521DAE1498845A8BF03
:1095700002271CDAC3451ADCDE4901EB2851142905
:1095800008DDC1F1340220FA02F101FA02F282424E
:109590000DD108E058B9C1F1140228FA02F101FA1C
:1095A00002F2424503D101F00101C1F1020756EA7E
:1095B0000A0124D1002C22DA002D18BF022F01D07D
:1095C000012F0AD0022001F035F816B0BDEC0E8B49
:1095D00004B0BDE8F04D00F0FBBE022001F02AF817
:1095E00000F0F6FE51EC100B81F0004141EC100B45
:1095F00016B0BDEC0E8B04B0BDE8F08D18E09FED09
:10960000BEAB9FEDBF8B002871D1B848804522D1F9
:1096100005F1804010F5801008BFBAF1000F07D0A7
:10962000B3450ADC002CA8BF9DED260BE0DA0DE067
:10963000B0EE490AF0EE690ADAE7002C06DA9DED91
:10964000260B51EC100B81F000416FE0AE487844DE
:1096500090ED000BCCE7D8454DD1002C48DA2EB167
:1096600086423AD1BAF1000F42D126E0BAF1000F9A
:1096700013D0022000F0DEFF00F0E6FE8DED020BBD
:109680009DED240B8DED000B10EE900A039961F314
:109690001E0003909DED020BAAE78DED02AB9DED40
:1096A000240B1AEE901A10EE900A8DED000B61F368
:1096B0001E0003909DED020B9AE78DED028B9DED50
:1096C000240B18EE901A10EE900A8DED000B61F34A
:1096D0001E0003909DED020B8AE709DA9DED240B35
:1096E00051EC190B53EC102BF7F7B4FC1EE020E003
:1096F0009DED240B7CE786421BDAB4F1804F0DD040
:10970000A4F10050B0F1FF5013D1002D11DB9DEDFD
:10971000240B51EC100B04F0C5FD07E09DED240B6C
:1097200053EC102B51EC100B00F0C2BC41EC100BB1
:109730005EE79DED240B51EC100B02F089FEBAF1AF
:10974000000FCDE90E0142D19FED710B46B3A6F19A
:10975000E040B0F17F600CD05E4538D1002D00DADA
:10976000A7B3022F0CBF01204FF0FF30F7F782FAAA
:10977000DCE7002D01DD002C0DDA002D01DD002CD1
:109780001FDB002D16DA002C14DB012F08BF9FED24
:10979000620B3FF42DAFB0EE4A0AF0EE6A0A27E7FB
:1097A000022F18BF002D0CD0012F0AD1002DFFF67B
:1097B0001FAF06E0002DB8BF002C08DA012F3FF4E0
:1097C00017AFB0EE480AF0EE680A11E71BE001207F
:1097D00000EBE57050EA070115D0791EB0EE498A1A
:1097E000F0EE698A084308BF9FED4D8B4E48002577
:1097F000804570DD4D494E48884514DDB0420DDB93
:10980000002C19DB2FE0012000F014FF16B0BDEC96
:109810000E8B04B0BDE8F04D00F006BEB34502DC8F
:10982000002C09DC1FE0864202DA002C1BDA03E080
:109830005E452BDD002C16DD022000F0FBFE00F063
:1098400003FE8DED020B53EC1A2B51EC180BF7F7BE
:109850009FF9CDE900010399019861F31E0003907F
:109860009DED020BC4E6022000F0E4FE00F0FCFDDA
:1098700010EE901A18EE900A8DED020B8DED008B14
:1098800061F31E0003909DED020BB1E69DED0E0B02
:1098900053EC192B51EC100BF7F774F99FED260BD5
:1098A000CDE9080153EC102B9DED080B51EC100B8A
:1098B000F7F76EF99FED221B53EC112BF7F765F9C3
:1098C0009DED081B53EC112BF7F762F99FED1E1B62
:1098D00053EC112B3CE08CE0FFFF1F00FFFF0F005B
:1098E000000000000000F03F0000F03F0000F07FAB
:1098F0000000404301FCFFFF000000000000F07F7B
:109900000000000000000000D683000000000000FE
:109910000000000000000080000000000000F0FFD8
:10992000000000000000F0BF0000E0410000F04334
:10993000FFFFEF3F00000000000000000000D03FEC
:10994000555555555555D53F000000000000E03FE6
:10995000F7F71BF99DED080B41EC1A0B53EC102B9C
:1099600051EC100BF7F714F953EC1A2BF7F710F929
:1099700041EC1A0B9FEDFE0B53EC102B9DED080BE9
:1099800051EC100BF7F704F941EC1B0B9FEDFA0BB0
:1099900051EC1A0B53EC102BF7F7FAF841EC1A0BB9
:1099A0009FEDF70B53EC102B9DED080B51EC100BBA
:1099B000F7F7EEF853EC1A2BF7F7E4F841EC1A0B33
:1099C00051EC1B0B53EC1A2BF7F73BF80690CDE943
:1099D00006519DED060B53EC1B2B51EC100BF7F7CA
:1099E000D1F853EC1A2BF7F7D0F841EC100B00F03C
:1099F000A1B90020B6F5801F0EDA9FEDE30B53EC02
:109A0000102B9DED0E0B51EC100BF7F7C1F8CDE9C3
:109A10000E016FF034000E4600EB2650A0F2FF3727
:109A2000C6F31300DA4940F07F6646F0405688429C
:109A3000D8BF002408DDD7498142C8BF012403DC18
:109A40000024A6F580167F1CD348784400EBC400A0
:109A50000F9690ED00CB9DED0E0B53EC1C2B51ECB3
:109A6000100BF7F78FF89DED0E0B41EC1B0B53EC31
:109A70001C2B51EC100BF6F7E4FF41EC100B51ECF2
:109A8000190B53EC102BF7F7E5FA41EC1D0B51ECD9
:109A90001B0B53EC1D2BF7F77BF841EC1A0BBF485F
:109AA0008DED10AB7844109590ED000B4FF0005009
:109AB00040EA660000EB84408DED080B00F50020C5
:109AC00009909DED080B53EC1C2B51EC100BF7F794
:109AD00059F89DED0E1B53EC112BF7F756F841EC9E
:109AE000100B53EC102B9DED100B51EC100BF7F7F6
:109AF0004FF89DED080B41EC1C0B53EC102B9DED2A
:109B0000100B51EC100BF7F743F853EC1B2BF7F746
:109B10003CF853EC1C2BF7F735F853EC1D2BF7F7FB
:109B200037F841EC1C0B53EC1A2B51EC1A0BF7F7DE
:109B30002FF841EC1B0B9A480621B0EE4B0AF0EED1
:109B40006B0A784400F0C5FBB0EE401AF0EE601AE4
:109B5000B0EE41DAF0EE61DA53EC1B2B51EC1B0B4B
:109B6000F7F716F853EC1D2BF7F712F89DED100BD5
:109B700041EC1B0B53EC1A2B51EC100BF6F761FF69
:109B800053EC1C2BF7F704F853EC1B2BF6F759FF9B
:109B90009DED100B41EC1B0B53EC102B51EC100BFB
:109BA000F6F7F6FF41EC1D0B9FED7FEB53EC1E2B00
:109BB000F6F747FF53EC1B2BF6F743FF0890CDE970
:109BC00008519DED080B53EC1E2B51EC100BF6F7D2
:109BD000D9FF53EC1D2BF6F7D5FF53EC1B2BF6F7F3
:109BE000D4FF9DED080B41EC1D0B53EC102B9DEDAC
:109BF000100B51EC100BF6F7CBFF41EC1B0B53ECA9
:109C00001A2B51EC1D0BF6F7C3FF9DED080B41EC31
:109C10001A0B53EC102B51EC1C0BF6F7B9FF53EC5D
:109C20001A2BF6F70EFF41EC1A0B51EC1B0B53EC01
:109C30001A2BF6F706FF0C90CDE90C519DED0C0B9D
:109C400053EC1B2B51EC100BF6F79CFF53EC1A2B2B
:109C5000F6F79BFF41EC1B0B9FED550B53EC102BC4
:109C60009DED0C0B51EC100BF6F792FF41EC1A0B2B
:109C70009FED510B51EC1B0B53EC102BF6F788FFAB
:109C800041EC1B0B9FED4E0B53EC102B9DED0C0B81
:109C900051EC100BF6F77CFF53EC1B2BF6F7D1FEC3
:109CA00041EC100B4848784400EBC40090ED001BD9
:109CB00051EC100B53EC112BF6F7C3FE41EC1B0BD0
:109CC0003846F6F7D7FFCDE9080153EC1B2B51ECD2
:109CD0001A0BF6F7B6FE41EC100B3C48784400EB4B
:109CE000C40090ED00CB51EC100B53EC1C2BF6F79D
:109CF000A8FE9DED081B53EC112BF6F7A2FE069073
:109D0000CDE906519DED080B53EC102B9DED060B94
:109D100051EC100BF6F736FF53EC1C2BF6F732FF25
:109D200053EC1A2BF6F72EFF53EC1B2BF6F72DFFF7
:109D300041EC100B9DED261B53EC102B8DED001B01
:109D400000959DED260B51EC100BF6F721FF9DEDD4
:109D5000000B41EC1A0B53EC102B9DED260B51EC34
:109D6000100BF6F70FFF9DED061B53EC112B2FE0A8
:109D7000000000604715F73FFE822B654715F73F4F
:109D800044DF5DF80BAE543E00000000000040438D
:109D90008E9803007AB60B00BA7E0000807F000028
:109DA000F27D0000000000000000000000000840FC
:109DB000000000E009C7EE3FFD033ADC09C7EE3FB3
:109DC000F5015B14E02F3EBE7E7C0000387C000075
:109DD000F6F7DEFE53EC1A2BF6F733FE9DED060B7D
:109DE00041EC1A0B53EC102B9DED000B51EC100BBA
:109DF000F6F7CEFECDE90C019DED0C0B51EC1A0BE4
:109E000053EC102BF6F71DFECDE902010C46AA49D2
:109E10008C422FDB611A084318D19DED0C0B53ECDB
:109E2000102B9DED020B51EC100BF6F7ABFE41EC45
:109E30001B0B9FEDA30B51EC1A0B53EC102BF6F7F9
:109E400000FE53EC1B2BF7F7AFF92DD2022000F0E8
:109E5000F1FB00F0F9FA10EE901A18EE900A8DED71
:109E6000020B8DED008B61F31E0003909DED020B44
:109E7000FFF7BEBB944A24F00041914214D39349AA
:109E8000214408437FF4EFAC9DED0C0B53EC102BF9
:109E90009DED020B51EC100BF6F774FE53EC1A2BF0
:109EA000F7F782F97FF6DFAC24F000408849894A51
:109EB000002601EB205182422BDA481C4FF480111E
:109EC00021FA00F02044844AC0F30A517A44A1F2F6
:109ED000FF3192ED000B814A8DED080BCA4020EA5C
:109EE0000202C0F3130040F48010C1F1140120FA03
:109EF00001F60992002CB8BF76429DED080B53EC99
:109F0000102B9DED0C0B51EC100BF6F73BFECDE941
:109F10000C019DED0C0B51EC1A0B53EC102BF6F7CA
:109F200090FD9FED6F0B0890CDE9085153EC102B7D
:109F30009DED080B51EC100BF6F72AFE41EC1B0BC4
:109F40009FED690B53EC102B9DED080B51EC100BA2
:109F5000F6F71EFE9DED0C0B41EC1C0B53EC102B89
:109F60009DED080B51EC100BF6F70CFE53EC1A2B81
:109F7000F6F70BFE9FED5E1B53EC112BF6F708FE78
:109F800053EC1C2BF6F75DFD41EC1A0B51EC1B0B4F
:109F900053EC1A2BF6F755FDCDE902019DED020BAE
:109FA00053EC1B2B51EC100BF6F7ECFD53EC1A2B7A
:109FB000F6F7EBFD9DED020B41EC1A0B53EC102B69
:109FC00051EC100BF6F7E4FDCDE908014A489DED90
:109FD000080B0521784400F07CF99DED081B51EC3D
:109FE000100B53EC112BF6F7D3FD9DED021B53EC38
:109FF000112BF6F7CAFDCDE906019DED020B53ECDE
:10A000001A2B51EC100BF6F7C3FD53EC1A2BF6F795
:10A0100018FD9FED3B0B41EC1A0B53EC102B9DED03
:10A02000060B51EC100BF6F7ADFD9DED060B41EC68
:10A030001B0B53EC102B9DED020B51EC100BF6F7A4
:10A04000A7FD53EC1B2BF7F705F853EC1A2BF6F78B
:10A0500099FD9DED021B53EC112BF6F793FD53EC8C
:10A06000192BF6F792FDCDE9020101EB065001151F
:10A070000029C8BF039015DC9DED020B324651EC60
:10A08000100BF7F756F8FEF7D7FB042808BF00F0CF
:10A09000EBF932469DED020B51EC100BF7F749F846
:10A0A000CDE902019DED020B51EC180B53EC102B86
:10A0B000F6F76EFDFFF73ABB00009040000000008D
:10A0C000FE822B654715973C00CC904000346F3FD3
:10A0D00001FCFFFF0000E03F587B0000FFFF0F0086
:10A0E00000000000432EE63F396CA80C615C20BEE6
:10A0F000EF39FAFE422EE63F9079000000000000A2
:10A10000000000000000004000B510EE101A2DED18
:10A11000028B81B0524A6846B2EB410F2ED94FF004
:10A12000E640B0EB410F94BF00204FF0FF300090AD
:10A130000098B0EE408A00286ADB10F0010F4BD087
:10A1400068EE080A9FED471A9FED470A00EE810A64
:10A150009FED461A10F0020F00EE801AB7EE000ACB
:10A1600000EE810A02BF01B0BDEC028B00BD00BF52
:10A1700001B0B1EE400ABDEC028B00BD3C4B21F0BA
:10A180000042934241D911F0004FDFED3A0A20EE30
:10A19000201ADFED390A19BF31EE601A71EE200A7C
:10A1A00031EE201A71EE600ABDEEE01A11EE100ACF
:10A1B0009FED321A00F0030000EEC10A9FED301A45
:10A1C000009000EEC10A9FED2F1A00EEC10A9FED2C
:10A1D0002E1A00EEC10AABE728EE080A9FED2B1AF3
:10A1E000DFED2B0A10F0020F40EE410A9FED291A15
:10A1F00000EE201A61EE000AB0EE480A08EE200ACE
:10A20000B6D101B0BDEC028B00BD00F053F98FE771
:10A2100018EE100A4000B0F17F4F0DD218EE100A70
:10A22000FEF722FB042808BF00F03CF9B0EE480A14
:10A2300001B0BDEC028B00BD09D1012000F0FAF99C
:10A2400001B0BDEC028B5DF804EB00F023B901B066
:10A25000B0EE480ABDEC028B5DF804EB00F014B9D7
:10A26000B61F927EB93AB2BACA9F2A3DDDFFFFBE41
:10A27000490E494683F9223F0000004B0000C93FC8
:10A2800000A0FD390020A2331A61342C336D4C3903
:10A29000DA82083CA0AA2ABE10B52DED028BB1EEE1
:10A2A000C08A18EE100A20F00040C0F1FF40C00F35
:10A2B0000AD010EE100A20F00040C0F1FF40C00F9D
:10A2C00004BF012000F0B6F9B0EE480ABDEC028BE5
:10A2D00010BD70B504462DED028B4D1E00EBC50080
:10A2E000B0EE408AF0EE608A90ED000B35F006008B
:10A2F00017D053EC182B51EC100BF6F749FC41EC3E
:10A30000100B6D1E04EBC50090ED001B51EC100B03
:10A3100053EC112BF6F795FB41EC100B35F00600D2
:10A32000E7D1022D36D0042D1CD0062D1CBFBDEC6C
:10A33000028B70BD53EC182B51EC100BF6F728FC78
:10A3400094ED0A1B53EC112BF6F77BFB53EC182B07
:10A35000F6F71EFC94ED081B53EC112BF6F771FB7E
:10A3600041EC100B53EC182B51EC100BF6F710FCD2
:10A3700094ED061B53EC112BF6F763FB53EC182BF3
:10A38000F6F706FC94ED040B53EC102BF6F759FB93
:10A3900041EC100B53EC182B51EC100BF6F7F8FBBB
:10A3A00094ED021B53EC112BF6F74BFB53EC182BDF
:10A3B000F6F7EEFB94ED001B53EC112BF6F741FB87
:10A3C000BDEC028B41EC100B70BD000000000000E2
:10A3D0009FED070B10B553EC102B9FED070B51ECC5
:10A3E000100BF6F737FE41EC100B10BD000000001B
:10A3F0000000000000000000000000000000F03F2E
:10A4000010B553EC102B51EC100BF6F71AFB41EC86
:10A41000100B10BD10B553EC112B51EC100BF6F7CF
:10A4200010FB41EC100B10BD9FED050B10B553EC6C
:10A43000102B51EC100BF6F70DFE41EC100B10BD7C
:10A4400000000000000000009FED050B10B553EC6C
:10A45000102B51EC100BF6F79BFB41EC100B10BDD1
:10A4600000000000000000709FED050B10B553ECDC
:10A47000102B51EC100BF6F78BFB41EC100B10BDC1
:10A48000000000000000001030EE000A704730EEBF
:10A49000200A7047DFED020A80EEA00A7047000034
:10A4A000000000009FED020A20EE000A7047000045
:10A4B000000000102DE9F0014FF07F42B2EB410F98
:10A4C0009FBF4FF0FF310160BDE8F00170474FF0D2
:10A4D000004242EA0123C1F3C752783A551112F003
:10A4E0001F0C434CCCF120067C44C1F3C752A2F1AF
:10A4F00078024FEA621204EB820254F8254008BF4A
:10A50000D2E9015612D0556804FA0CF425FA06F780
:10A510003C43976805FA0CF527FA06F8D26807FA63
:10A520000CFCF24045EA08054CEA0206A4FB034C89
:10A53000A5FB0352A6FB03631D449D4234BF0126C5
:10A5400000261319334416B1934202D903E0934213
:10A5500001D2012200E00022624402F1200C9206A6
:10A56000DC0C42EA443200EE102A5B03DFED210AE4
:10A57000F8EEC01A00EE103A4FEA9C1C11F0004FA2
:10A58000B8EE400AC0F800C020EE201A00EE105AC3
:10A59000DFED190AB8EE400A20EE200A71EE810ABA
:10A5A00070EE800A10EE902A02F500626FF30B0243
:10A5B00000EE902A70EEE11A31EEC11ADFED101AAA
:10A5C00030EE411A9FED0D0A20EE800A01EE210ABD
:10A5D0009FED0C1A00EE810A04BFBDE8F001704740
:10A5E000CCF180510160BDE8F001B1EE400A704746
:10A5F00044750000000000360000802C22AAFD29CE
:10A60000DB0FC92F0000C92F014800687047000008
:10A61000A802002002E008C8121F08C1002AFAD1CF
:10A6200070477047002001E001C1121F002AFBD1D2
:10A63000704700000149086070470000A802002030
:10A640002DE9FF5F82B00021DDE90430020DDDF865
:10A6500040B0034318D044F61050A2F2FF324243F8
:10A660001514119801281FD0A5EB0B00401C5FEAC0
:10A67000000A4FF000064E4FDFF83891B0465046C2
:10A6800015D5CAF1000413E0119801244AA301284A
:10A6900001D16FEA0B010298119AC0E90031C0E9BB
:10A6A000024206B0BDE8F09FCBF10000DFE70446B0
:10A6B0000021404A491842EB0450CDE9001012E055
:10A6C000E00707D032463B4640464946F6F760FA77
:10A6D0008046894632463B4610461946F6F758FAF8
:10A6E00006460F466410002CEAD1DDE90401DDE9DD
:10A6F0000023BAF1000F06DAF6F74AFA42464B4653
:10A70000F6F746FA05E0F6F7A5FC42464B46F6F7A3
:10A71000A1FC04460E460022284BF6F745FD03D85F
:10A720004FF0FF30014607E00022254B204631461E
:10A73000F6F787F9F6F720FD102409E0002C0ADB74
:10A740000A220023F5F798FD039B30321A55641E48
:10A7500050EA0102F2D1641C039AC4F111031444BB
:10A76000119A012A03D0012208430DD10AE00843BF
:10A7700004D000204FF0110B119072E7A3EB0B05F2
:10A780006D1E0DE05B4504DD4FF0000205F1010593
:10A7900004E003DA4FF00002A5F10105002AECD035
:10A7A00002981199C0E90231C0E9004579E700003B
:10A7B000000014400000F03F300000000000F043B3
:10A7C0000000E03F30380A2801D201207047002005
:10A7D000704700002DE9FF4F95B09B46894606461D
:10A7E00000250FE2252877D100242746F84A0121C9
:10A7F000059400E0044316F8013F203B01FA03F002
:10A800001042F7D130782A2811D06FF02F0330781A
:10A81000A0F13002092A16D8059A44F0020402EB8E
:10A82000820203EB42021044761C0590EFE759F8D0
:10A83000042B0592002A03DA504244F40054059098
:10A8400044F00204761C30782E2816D116F8010F39
:10A8500044F004042A280DD06FF02F023078A0F1C4
:10A860003003092B09D807EB870302EB4303C71812
:10A87000761CF3E759F8047B761C30786C280FD0EF
:10A8800006DC4C2817D068280DD06A2814D104E0C3
:10A89000742810D07A280FD10DE044F400140AE097
:10A8A00044F4801401E044F440147278824202D1EE
:10A8B00004F58014761C761C307866280BD013DCE7
:10A8C000582877D009DC002875D04528F6D04628CE
:10A8D000F4D047281AD19DE118E0632835D06428C8
:10A8E00079D0652812D195E1702873D008DC6728EB
:10A8F000F1D069286FD06E280DD06F2806D1B5E051
:10A9000073282CD0752875D0782874D05A4617999A
:10A9100090476D1C75E1C4F30250022809D003284A
:10A920000DD0D9F8001004280DD00D6009F10409EC
:10A9300067E1D9F80010EA17C1E90052F6E7D9F843
:10A9400000100D80F2E70D70F0E719F8041B8DF888
:10A95000001000208DF80100EA46012003E059F8BC
:10A9600004AB4FF0FF3061074FF0000102D40DE05F
:10A9700008F101018846B9420FDA8045F8DB1AF880
:10A9800008100029F4D108E008F10101884681424D
:10A99000FADB1AF808100029F6D105985B46A0EBFF
:10A9A000080721463846179A00F094FA284400EB2D
:10A9B000080507E04DE029E10DE01AF8010B5A46C1
:10A9C00017999047B8F10108F7D25B4621463846FF
:10A9D000179A13E142E00A220092C4F302524FF0A8
:10A9E000000A022A08D059F804CB032A4FEAEC7176
:10A9F0000AD00DE029E02AE009F1070121F0070261
:10AA0000F2E802C1914609E00FFA8CFC4FEAEC71C2
:10AA1000042A03D14FFA8CFC4FEAEC71002907DAC3
:10AA20000A460021DCF1000C61EB02012D2202E05C
:10AA3000220504D52B228DF80420012203E0E20731
:10AA400001D02022F7E7904659E00A2102E01022C7
:10AA50000DE010214FF0000A00910BE010224FF0A2
:10AA6000000A44F004040827009203E008224FF093
:10AA7000000A0092C4F30252022A05D059F804CB0E
:10AA80000021032A08D009E009F1070121F007029B
:10AA9000F2E802C1914605E01FFA8CFC042A01D1BC
:10AAA0000CF0FF0C4FF00008220728D5702806D0C4
:10AAB000009B83F0100353EA0A0305D00EE0402206
:10AAC0008DF80420012208E05CEA010206D0302261
:10AAD0008DF804208DF8050002229046009B83F03B
:10AAE000080353EA0A030AD15CEA010201D16207B2
:10AAF00005D530228DF804204FF001087F1E58281C
:10AB000004D034A003900EA802900DE036A0F9E71F
:10AB100053466046009AF5F7AFFB84460398825C83
:10AB20000298401E029002705CEA0100F0D1029887
:10AB300006A9081A00F1200A600702D524F480341F
:10AB400000E00127574502DDA7EB0A0000E00020E6
:10AB500000EB0A01009005984144401A0590E0037B
:10AB600006D45B462146179A059800F0B3F90544D0
:10AB7000002706E001A85A46C05D179990476D1C52
:10AB80007F1C4745F6DBE0030CD55B462146179A50
:10AB9000059800F09FF9054404E030205A461799C3
:10ABA00090476D1C0099481E00900029F5DC08E0D4
:10ABB000029802995A460078491C029117999047C9
:10ABC0006D1CBAF10001AAF1010AF1DC65E1000097
:10ABD0000928010030313233343536373839616273
:10ABE0006364656600000000303132333435363737
:10ABF00038394142434445460000000000F058F90E
:10AC00000544761C307800287FF4ECAD19B0284656
:10AC1000BDE8F08F620700D4062709F1070222F091
:10AC2000070CFCE80223E14603F000485FEA080C49
:10AC300002D00FF2702C0DE05FEA045C02D50FF237
:10AC4000682C07E05FEAC47C02D00FF2602C01E0C0
:10AC5000AFF2700C4FF0FF3823F00043CDF850C036
:10AC600065280CD006DC452809D046281DD0472889
:10AC70003DD13DE0662818D067287ED138E000211C
:10AC8000112F01DB112000E0781CCDE9000106A99D
:10AC90000EA8FFF7D5FCDDE90F010E9A0391002104
:10ACA000009207F1010A04914DE04FF00040009737
:10ACB000CDE9011006A90EA8FFF7C2FCDDE90F02DD
:10ACC00003920E9B11990022DDF80CA000930492D0
:10ACD00011B9791C00EB010AB7EB0A0004D4C0F1EA
:10ACE000FF3007F1010A0490AAEB0700019044E04D
:10ACF000012F00DA01270021112F01DD112000E0D2
:10AD00003846CDE9000106A90EA8FFF799FCDDE958
:10AD10000F010E9A0391002104910092BA46210777
:10AD20000CD40399514500DA8A46BAF1010F05DDCA
:10AD3000009AAAF10101515C302908D0B84202DA28
:10AD400010F1040F06DA0121CDE9011015E0AAF196
:10AD50000101E9E7002805DC049901440491AAEB0C
:10AD6000000102E0411C514500DD8A460499401A69
:10AD7000401C01904FF000400290200704D401983D
:10AD8000504501DBCDF8048000208DF84F0002987B
:10AD90000DF14F07B0F1004F25D02B200E900298F7
:10ADA0004FF0020800280CDA404202902D200E904D
:10ADB00007E00A210298F5F7AAFF3031029007F860
:10ADC000011DB8F10001A8F10108F2DC0298002889
:10ADD000EFD1791E0E980870307800F0200040F016
:10ADE000450007F8020D12A8C01B00F107081498CF
:10ADF000007800B1012000EB0A01019801EBE0713D
:10AE000005984144401A401E0590E00306D45B4675
:10AE10002146179A059800F05DF8054414980078CB
:10AE200018B15A46179990476D1CE00324D55B462C
:10AE30002146179A059800F04DF805441CE0049847
:10AE4000002807DBDDE90301884203DD0098405C50
:10AE5000179901E0179930205A469047049805F158
:10AE60000105401C04900198401E019004D12E2041
:10AE70005A46179990476D1CBAF10001AAF1010AD0
:10AE8000DDDC05E017F8010B5A46179990476D1C59
:10AE9000B8F10001A8F10108F4DC5B462146179ADD
:10AEA0000598ABE62D0000002B00000020000000FC
:10AEB0002DE9F041044600251E461746880404D4B7
:10AEC00005E039462020B0476D1C641EF9D52846A0
:10AED000BDE8F0812DE9F041044600251E4690466C
:10AEE000C80301D5302700E02027880404D505E0F9
:10AEF00041463846B0476D1C641EF9D52846BDE86A
:10AF0000F0814A68002A06D00A68531C0B60107052
:10AF10004868401E486070470A68531C0B601070F8
:10AF200070470000FEB506460D460024684601F055
:10AF3000BDFA00229FED1B1A6B46012156F82270C4
:10AF400055F82200381A00D5404200EE100A03EBF3
:10AF50008200B8EEC00AD0ED000A20EE010AF5EE3C
:10AF6000C00AF1EE10FA0DD0C0EE201AB7EE000ABA
:10AF70000D4F31EEC00AB0EEC00A10EE100AB84212
:10AF800007DC09E010EE100A084F3844084FB842B9
:10AF900002D301FA02F00443521C032ACEDB2046FE
:10AFA000FEBD000000008037295C0F3E666666C16A
:10AFB0009A99D90010B541EC100BFDF72DFE51EC1C
:10AFC000100B10BD70B50C4C0C4D207820B1012138
:10AFD0002846F8F7BBFD30B101212846F8F7B6FD49
:10AFE000012804D005E000202070012070BD012060
:10AFF0002070002070BD00007C0000200010024086
:10B0000003F006BA4FF0E020016941F0040101614C
:10B010000B490C4A0C4B0968B1FBF2F21A604FF471
:10B020007A72B1FBF2F1491E41610021816101692F
:10B0300041F002010161016941F0010101617047C4
:10B040002000002040420F007000002070B5044630
:10B0500004F040F901280CD0094D6868844208D3F7
:10B06000B4FBF0F003F064FB6868B4FBF0F100FBA4
:10B0700011444FF47A706043BDE8704000F002B8AC
:10B080007000002070B50B494FF0E0240968656935
:10B0900048430022A369A1699942FCD002D2A3EBE4
:10B0A000010302E0A5EB010633441A440B46824239
:10B0B000F1D370BD7000002070B5ED482DED028B0E
:10B0C00082B0F5F795F9EB4E04280AD30322EAA1E2
:10B0D000E748F5F7B8F920B9E548C01CF5F7A4FC36
:10B0E000F071F079401E042801D30220F071002194
:10B0F000E2A20846FBF700FD0C2400940223F2793B
:10B1000000210A20FBF7BCFCDDA200213720FBF761
:10B11000F3FCDC4DB5F90400002809DADAA20021BD
:10B120005020FBF7E9FC0094B5F90400424207E027
:10B13000D6A200215020FBF7DFFC0094B5F90420D3
:10B14000052300215A20FBF79BFCD1A20A210020F5
:10B15000FBF7D2FCCF4D95ED020A9FEDCF8ADFEDD4
:10B16000CF8AB5EEC00AF1EE10FA0AD2C6A20A21C1
:10B170000F20FBF7C1FC009495ED020A20EE080AAF
:10B1800009E0C2A20A210F20FBF7B6FC009495ED5E
:10B19000020A20EE280A05230A211420BCEEC00A68
:10B1A00010EE102AFBF76CFC95ED000AB5EEC00A14
:10B1B000F1EE10FA0AD2B4A20A213C20FBF79CFC63
:10B1C000009495ED000A20EE080A09E0AFA20A21DA
:10B1D0003C20FBF791FC009495ED000A20EE280A34
:10B1E00005230A214B20BCEEC00A10EE102AFBF703
:10B1F00047FCABA214210020FBF77EFCA94D95ED86
:10B20000020AB5EEC00AF1EE10FA0AD29EA214218B
:10B210000F20FBF771FC009495ED020A20EE080A5E
:10B2200009E09AA214210F20FBF766FC009495ED2B
:10B23000020A20EE280A142105230846BCEEC00AA3
:10B2400010EE102AFBF71CFC95ED000AB5EEC00AC3
:10B25000F1EE10FA0AD28CA214213C20FBF74CFC30
:10B26000009495ED000A20EE080A09E087A2142157
:10B270003C20FBF741FC009495ED000A20EE280AE3
:10B28000052314214B20BCEEC00A10EE102AFBF758
:10B29000F7FB85A21E210020FBF72EFC834D95EDC8
:10B2A000020AB5EEC00AF1EE10FA0AD276A21E2109
:10B2B0000F20FBF721FC009495ED020A20EE080A0E
:10B2C00009E072A21E210F20FBF716FC009495EDF9
:10B2D000020A20EE280A05231E211420BCEEC00A13
:10B2E00010EE102AFBF7CCFB95ED000AB5EEC00A74
:10B2F000F1EE10FA0AD264A21E213C20FBF7FCFBFF
:10B30000009495ED000A20EE080A09E05FA21E21D4
:10B310003C20FBF7F1FB009495ED000A20EE280A93
:10B3200005231E214B20BCEEC00A10EE102AFBF7AD
:10B33000A7FB5FA228210020FBF7DEFB5D4D95ED0A
:10B34000020AB5EEC00AF1EE10FA0AD24EA2282186
:10B350000F20FBF7D1FB009495ED020A20EE080ABE
:10B3600009E04AA228210F20FBF7C6FB009495EDC7
:10B37000020A20EE280A052328211420BCEEC00A68
:10B3800010EE102AFBF77CFB95ED000AB5EEC00A23
:10B39000F1EE10FA0AD23CA228213C20FBF7ACFBCC
:10B3A000009495ED000A20EE080A09E037A2282152
:10B3B0003C20FBF7A1FB009495ED000A20EE280A43
:10B3C000052328214B20BCEEC00A10EE102AFBF703
:10B3D00057FB394D95ED000AB5EEC00AF1EE10FAB3
:10B3E00001DD2AA200E028A232210020FBF784FB25
:10B3F00095ED000ABDEEC00A10EE100A02F05CF9ED
:10B400000246032332210A200094FBF739FBB0687F
:10B41000642590FBF5F2022332214B200094FBF7C8
:10B420002FFB26A232215820FBF766FBB0680223CF
:10B4300090FBF5F105FB1102322162200094FBF72D
:10B440001FFB1FA232216E20FBF756FBB06890FB5A
:10B45000F5F105FB11000A2806DA02230022322149
:10B460005C200094FBF70CFB02B0BDEC028B70BDBE
:10B47000A80100202C0000204341520023000000BE
:10B48000475A0000BE0000202D0000002B000000E5
:10B4900041000000080B002000007AC400007A443C
:10B4A000420000001C0B002043000000300B002075
:10B4B00044000000440B0020B00000202E000000DB
:10B4C000560000002DE9F047002190B03FA2084649
:10B4D000FBF712FB424E7068F5F7EAFB04460D4697
:10B4E0003068F5F7E5FB3F4A3F4E92ED000ABDEEAE
:10B4F000C00A8DED040A8DE83300F2793BA106A85D
:10B50000FDF786F906AA0C210020FBF7F5FA0225C3
:10B51000DFF8EC800124F079844250D0062D51DA16
:10B52000234638A208210EA8FDF75AF95FF000075C
:10B5300007EB470000EBC70108EB810090F82810EB
:10B5400019B10EA9F4F75BFF18B17F1C0A2FEFDBCE
:10B550001FE0781C1DD007EB470000EBC70108EB8C
:10B5600081073869F5F7A4FB81468A46F868F5F744
:10B570009FFB97ED080A0B460246BDEEC00A1BA1D1
:10B5800006A88DED040A8DE80C062246FDF740F969
:10B590000CE09FED1E0B22468DED040B8DED020B92
:10B5A0008DED000B11A106A8FDF732F905EB450062
:10B5B0008006010E06AA0020FBF79EFA6D1C641C93
:10B5C000042CA8DD10B0BDE8F0870000494420201D
:10B5D00020582020202059202059415700000000E9
:10B5E000AC020020B00000202C0000202325316494
:10B5F0002025312E32662025312E32662534640016
:10B600008C1200204341522564000000000000001D
:10B61000000000002DE9F0412DED028B00218AB0E1
:10B620009FA20846FBF768FA9E4D0C24B5F900006E
:10B63000002809DA9CA200211820FBF75DFA00948B
:10B64000B5F90000424207E098A200211820FBF75C
:10B6500053FA0094B5F90020042300212220FBF7BF
:10B660000FFA93A200214820FBF746FAB5F9020031
:10B67000002809DA8CA200216020FBF73DFA009433
:10B68000B5F90200424207E088A200216020FBF7E2
:10B6900033FA0094B5F90220042300216A20FBF755
:10B6A000EFF984A20C210020FBF726FAB5F904007B
:10B6B000002809DA7CA20C211820FBF71DFA00945F
:10B6C000B5F90400424207E078A20C211820FBF7EC
:10B6D00013FA0094B5F9042004230C212220FBF76F
:10B6E000CFF975A218210020FBF706FA7348B2EED5
:10B6F000048A0A2590ED000A20EE080ABDEEC00A71
:10B7000010EE106A002E06DA67A218211420FBF74B
:10B71000F3F9764204E065A218211420FBF7ECF956
:10B7200096FBF5F2032318211E200094FBF7A8F9DD
:10B7300063A218213620FBF7DFF996FBF5F005FB35
:10B740001062012318213C200094FBF799F95DA2B7
:10B7500018214820FBF7D0F95B4890ED000A20EE55
:10B76000080ABDEEC00A10EE106A002E06DA4EA2DC
:10B7700018215C20FBF7C0F9764204E04BA21821A7
:10B780005C20FBF7B9F996FBF5F20323182166203C
:10B790000094FBF775F94AA218217E20FBF7ACF95B
:10B7A00096FBF5F005FB106201231821842000941C
:10B7B000FBF766F945A224210020FBF79DF94448D8
:10B7C00090ED000A20EE080ABDEEC00A10EE106AE5
:10B7D000002E06DA34A224211420FBF78DF97642DC
:10B7E00004E032A224211420FBF786F996FBF5F23F
:10B7F000032324211E200094FBF742F930A22421C8
:10B800003620FBF779F996FBF5F005FB1062012372
:10B8100024213C200094FBF733F92E4890ED000AD8
:10B82000B5EEC00AF1EE10FA01DB2B2100E02D216C
:10B83000B5EEC00A8846F1EE10FA01DAB1EE400A20
:10B8400010EE104A90ED010AB5EEC00AF1EE10FAC2
:10B8500001DB2B2700E02D27B5EEC00AF1EE10FA30
:10B8600001DAB1EE400A10EE100AF5F721FA0546AA
:10B870000E462046F5F71CFA0A468DE88500CDE90C
:10B880000456424614A106A8FCF7C2FF06AA3021BE
:10B890000020FBF731F90AB0BDEC028BBDE8F08166
:10B8A00047783A00BE0000202D0000002B00000069
:10B8B00047793A00477A3A00523A0000A80000203F
:10B8C0002E000000503A0000AC000020593A000061
:10B8D000B0000020B802002058256325312E3166C3
:10B8E0002059256325312E31660000002DE9F041F5
:10B8F00000218CB05CA20846FBF7FEF85DA2002197
:10B900002820FBF7F9F8DFF870810C24009402235B
:10B9100098F8072000212D20FBF7B2F85748D0F8FF
:10B920000C12012903D0D0F80C0210B106E054A289
:10B9300000E054A200215A20FBF7DEF8524F78684D
:10B94000F5F7B6F905460E463868F5F7B1F941EC5A
:10B95000100BCDE9005653EC102B4CA107A8FCF7B7
:10B9600057FF07AA0C210020FBF7C6F84C4F786858
:10B97000F5F79EF905460E463868F5F799F941EC5A
:10B98000100BCDE9005653EC102B46A102A8FCF792
:10B990003FFF02AA18210020FBF7AEF846A224219F
:10B9A0000020FBF7A9F8464D95ED000AB5EEC00A58
:10B9B000F1EE10FA03DD242142A2262002E042A289
:10B9C00024212820FBF798F895ED000A00F04CFDA3
:10B9D000BCEEC00A0323242110EE102A2B20009471
:10B9E000FBF74EF839A224214120FBF785F8384DAA
:10B9F00095ED000AB5EEC00AF1EE10FA03DD242140
:10BA000034A2482002E030A224214B20FBF774F836
:10BA100095ED000A00F028FDBCEEC00A03232421A6
:10BA200010EE102A50200094FBF72AF82AA23021A9
:10BA30000020FBF761F800940223454698F80120A6
:10BA400030212D20FBF71CF820A230214120FBF7EC
:10BA500053F800940223AA7830214B20FBF710F80A
:10BA60000CB0BDE8F08100004944203A202020209D
:10BA700000000000230000002C0000200080414254
:10BA80004F204E004F464600AC020020782C793AF9
:10BA90002825312E32662C25312E326629000000F1
:10BAA000B8020020582C593A2825312E32662C2510
:10BAB000312E3266290000005941573A20200000FB
:10BAC000B00000202B0000002D0000002C00000022
:10BAD000000000202B2000005350443A202020007A
:10BAE00008B560B120208DF8000028208DF80100F5
:10BAF00030208DF8020038208DF8030004E0A322E6
:10BB000004216846F4F73AFC6A46042140F69E2078
:10BB100001F0A8FD01F06EFA08BD00003EB5044634
:10BB200002208DF80000CA208DF80100E3208DF876
:10BB3000020009208DF803006A460421682001F004
:10BB400091FDA3208DF80000610609D5C0218DF874
:10BB50000110C8218DF80210C2218DF8031005E0F4
:10BB60008DF801008DF802008DF8030014F4C07FF9
:10BB700009D0C4218DF80410CC218DF80510C62100
:10BB80008DF8061005E08DF804008DF805008DF89D
:10BB900006008DF808008DF807008DF809006A4648
:10BBA0000A2140F6A72001F05DFDA0074FF0D8055F
:10BBB00003D020208DF8000001E08DF800506A4687
:10BBC000012140F6B62001F04DFDA00601D501206F
:10BBD00000E0002000F08EF814F4C07F1ED0E005D5
:10BBE0000AD5B2208DF800008B208DF80100B62018
:10BBF0008DF802009B2009E0B0208DF80000802025
:10BC00008DF80100B4208DF8020090208DF803001B
:10BC10006A46042140F6A22001F024FDE1074FF41A
:10BC20000B6022D0F8218DF800106A46012101F046
:10BC300019FDFA21072000F03BFB072000F006FB6E
:10BC4000012000F023FB642000F0E2FB4FF4FA70C7
:10BC500000F0EEFBC821254800F0C0FA282000F0D3
:10BC6000D5FA0A2000F0E2FA05E08DF800506A46A5
:10BC7000012101F0F7FCA00703D5D9208DF80000C1
:10BC800001E08DF800506A46012140F23D7001F05C
:10BC9000E9FC600701D5012000E0002000F048F831
:10BCA000E00601D5012000E00020FFF719FF104D4C
:10BCB00044F00800688101F09DF90020A873600637
:10BCC00001D50620A87314F4C07F02D0A87B801D84
:10BCD000A87314F0140F02D0A87B1030A873A0072B
:10BCE00002D0A87B001DA87300203EBD09E3CA0254
:10BCF000580B00200EB54FF4976310B106A107C989
:10BD000001E008A207CA8DE807006A460921184623
:10BD100001F0A8FC0EBD0000B8AAB38DB4980D3593
:10BD20005D000000B8AAAAAAB088C3C5C700000079
:10BD300008B560B1C0208DF80000C2208DF8010068
:10BD4000C4208DF80200C6208DF8030004E08B2289
:10BD500004216846F4F712FB6A46042140F6982055
:10BD600001F080FC01F046F908BD0000C8234FF443
:10BD70008062024940F6F63001F01EB8900C0108CE
:10BD80002DE9FF4F89B01746DDE9165200244D4ECC
:10BD9000884681462C80A246B07B694601F0B8F8FF
:10BDA0004FF0FF3B18B158460DB0BDE8F08F7089D9
:10BDB00010F0140F3ED0009909BA21F0FF029DF84F
:10BDC00003100A433A6001999DF8073009BA21F03F
:10BDD000FF0119437960029B9DF80B401BBA23F0C9
:10BDE000FF032343BB60039C121424BA24F0FF0C0E
:10BDF0009DF80F4009144CEA040C1024C7F80CC03D
:10BE00001B144FEA2C4712FB02F211FB012113FB1A
:10BE100003F217FB07221144A1F17061B1F1007F19
:10BE200004D901F0E7F8A5F800A0BCE7298841F49F
:10BE3000807129804206694611D50A19A41D13880C
:10BE40005BBAA8F8003053885BBAA8F80230928831
:10BE500052BAA8F804202A8842F008022A8010F476
:10BE6000C07F11D00A19A41D13885BBAA9F800304D
:10BE700053885BBAA9F80230928852BAA9F8042014
:10BE80002A8842F070022A80800716D00C44E0789D
:10BE900000F0C00500F03F016078C00706D0C80878
:10BEA00001F007013268491C02B190476078000731
:10BEB00003D5716809B1A80988470C9801F000FC06
:10BEC000002071E7580B00202DE9FF41044603A82C
:10BED00000F054FEBDF80C00410CC3032F4802894A
:10BEE00002F00300550754F8200000D54042C2F389
:10BEF000C105960654F8255000D56D42C2F381164F
:10BF0000D20554F8264000D56442A0FB0367C2174F
:10BF100002FB037200FB0120820042EA9670A5FB3F
:10BF20000367EA1702FB037205FB0122950045EA4D
:10BF30009672A4FB0367E51705FB037304FB01314D
:10BF40008B0043EA9671030E8DF80030030C8DF8D8
:10BF50000130030A8DF802308DF80300100E8DF8C1
:10BF60000400100C8DF80500100A8DF80600080E6C
:10BF70008DF80800080C8DF80900080A8DF80A00F1
:10BF80008DF807208DF80B106A460C214FF42570B0
:10BF900001F068FB04B0BDE8F0810000580B002000
:10BFA00030B5044613A285B007CA8DE807004FF0EC
:10BFB000FF35C82C16D8C820B0FBF4F1491E080A7A
:10BFC0008DF80C008DF80D1003AA022140F2162006
:10BFD00001F048FB30B96A460C2140F6C12001F05F
:10BFE00041FB10B1284605B030BD054884810020D2
:10BFF000F9E70000FEF2ABC4AAF1DFDFBBAFDFDF81
:10C00000580B0020F8B53049098901F0030250F8B7
:10C0100022404A0700D56442C1F3C1028B0650F8A2
:10C02000222000D55242C1F3811350F82330C805B5
:10C0300000D55B42254984FB0140850045EA9470A8
:10C0400082FB0142A40F44EA820483FB0121950F85
:10C0500045EA8105010E8DF80010010C8DF80110E4
:10C06000010A8DF802108DF803006A4604214FF48E
:10C07000747001F0F7FA4FF0FF3688B9200E8DF892
:10C080000000200C8DF80100200A8DF802008DF8C8
:10C0900003406A4604214FF4757001F0E3FA08B1D9
:10C0A0003046F8BD280E8DF80000280C8DF80100F0
:10C0B000280A8DF802008DF803506A4604214FF4D7
:10C0C000767001F0CFFAF8BD580B002009E3CA02E0
:10C0D0002DE9FF4104463CA004F0030300680290F0
:10C0E0003AA0006803903AA006683AA0056802A842
:10C0F000C15C8DF80010C4F3C101425C8DF80120D1
:10C10000C4F38112805C8DF8020003A8C35C8DF833
:10C110000430415C8DF80510805C8DF806006A469D
:10C12000032140F2264001F09DFA4FF0FF37E0BBBB
:10C1300001AA032140F22A4001F094FAA8BBCDE9FC
:10C14000006560070BD59DF8000040F001008DF8F8
:10C1500000009DF8040040F001008DF80400A006E6
:10C160000BD59DF8010040F001008DF801009DF80D
:10C17000050040F001008DF80500E0050BD59DF8A5
:10C18000020040F001008DF802009DF8060040F02A
:10C1900001008DF806006A4603214FF4886001F023
:10C1A00061FA10B901AA032100E004E040F2314035
:10C1B00001F058FA18B1384604B0BDE8F0810648DD
:10C1C00004810020F8E700004CCD6C000CC92C0065
:10C1D0003656760026466600580B00204FF47A72D9
:10C1E00090FBF2F008B54843010E8DF80010010CE9
:10C1F0008DF80110010A8DF802108DF803006A46CF
:10C2000004214FF4AE7001F02DFA08BD0521B0FBFA
:10C21000F1F008B5010A8DF800108DF801006A46AA
:10C2200002214FF4AD7001F01DFA08BD0521B0FBED
:10C23000F1F008B5010A8DF800108DF801006A468A
:10C2400002214FF4AC7001F00DFA08BD08B50021D1
:10C250008DF80010C10702D030218DF80010810741
:10C2600005D59DF8001041F00C018DF80010400735
:10C2700005D59DF8000040F003008DF800006A46E7
:10C2800001214FF4A47001F0EDF908BD08B560B1CB
:10C29000042800D90420401E8DF800006A460121C0
:10C2A00040F24F1001F0DEF908BD0120F3E7000075
:10C2B00070B504462DED028B82B040074FF0FF357C
:10C2C0007ED0B1F5C86F7BD800EE101AB8EE400AE8
:10C2D000DFED460A01A880EE208A00F031FC9DF8CF
:10C2E0000400022806D0042810D0082835D01028D1
:10C2F00074D13EE09FED3E0A28EE000ABCEEC00A73
:10C3000010EE100A9FED3B0A82B20AE09FED3A0A56
:10C3100028EE000ABCEEC00A10EE100A9FED370AA4
:10C3200082B228EE000A6E46BCEEC00A10EE100A79
:10C3300081B2100A8DF800008DF80120080A8DF8EE
:10C3400002008DF80310E00726D0324602214FF498
:10C35000EA7001F087F998BB17E09FED290A28EEF3
:10C36000000ABCEEC00A10EE100A9FED260A82B247
:10C37000D7E79FED250A28EE000ABCEEC00A10EEB2
:10C38000100A9FED220A82B2CBE7B21C02214FF4C1
:10C39000927001F067F998B9A0070DD56A4602219D
:10C3A0004FF4EC7001F05EF950B9B21C02214FF469
:10C3B000947001F057F918B9600714D56A4600E087
:10C3C0000CE002214FF4EE7001F04CF930B9B21CD0
:10C3D00002214FF4967001F045F920B1284602B0D1
:10C3E000BDEC028B70BD0020F9E70000000048435F
:10C3F0000000804600004046000000460000C045A6
:10C400000000804500004045000000450000C04499
:10C410000521B0FBF1F008B5010A8DF800108DF888
:10C4200001006A4602214FF4EF7001F01BF908BDCC
:10C430000521B0FBF1F008B5010A8DF800108DF868
:10C4400001006A4602214FF4ED7001F00BF908BDBE
:10C4500082B0CDE9000121F0004001909DED000B7C
:10C4600002B051EC100B7047B5EEC00AF1EE10FAB5
:10C4700001DAB1EE400A704713B532230122694652
:10C480000248F9F72DF800981CBD00002406002092
:10C4900010B502F01FFF012803D0BDE8104002F0E4
:10C4A00027BF0148806810BD700000201FB50446FA
:10C4B000274802AB042240680D21007800F044FABE
:10C4C00010B1072004B010BD9DF808101C2000EA30
:10C4D000D1029DF80B10DFED1F0AC1F301131A43BF
:10C4E0008DF800209DF80920C1F3810300EAD202F3
:10C4F0001A438DF801209DF80A2001F0030100EA9B
:10C50000D20008439FED141A9FED140A8DF8020023
:10C5100000216A46505C002804EB810002D080EDC7
:10C52000001A09E0C0ED000A0CE000BFD0ED001ACF
:10C5300061EE801AC0ED001A535C5B1E13F0FF031E
:10C540005354F3D1491CC9B20329E3D30020B9E7FE
:10C55000D4000020000000007B14AE3E1D5A843F32
:10C560002DE9FE4F05460120C14E8DF800004FF029
:10C5700000088DF8018030680C461746817C706891
:10C580006B460222007800F017FA4FF0FF3A0028BD
:10C590007AD1C820FEF75AFD8DF8008030686B46CE
:10C5A0000122C17B7068007800F006FA0028EFD104
:10C5B00030686B46012241797068007800F0FCF920
:10C5C0000028E5D130686B460122817C70680078D4
:10C5D00000F0F2F90028DBD130686B460122C17D02
:10C5E0007068007800F0E8F90028D1D130686B4617
:10C5F000012201797068007800F0DEF90028C7D1C7
:10C600004FF00C098DF8009030686B4601220179DB
:10C610007068007800F0D0F9002835D10F20FEF7BF
:10C6200015FDB06A6B460122407A8DF80000306833
:10C6300081787068007800F0BFF9002824D1B06AD2
:10C640006B460122007A8DF80000306841787068EE
:10C65000007800F0B1F9002873D1B06A807A0FB188
:10C6600040F0E0008DF8000030686B4601228179CF
:10C670007068007800F0A0F9002862D12FB1B06A8C
:10C68000C07A40F0E00001E04AE018208DF8000098
:10C6900030686B460122C1797068007800F08CF92F
:10C6A000F0BB17B1C820FEF7D1FC40208DF8000088
:10C6B00030686B46012201797068007800F07CF9DF
:10C6C00070BB78208DF8000030686B4601224179FC
:10C6D0007068007800F070F910BB3220FEF7B6FCED
:10C6E0008DF80080306847466B46417970680122BA
:10C6F000007800F061F998B931687068B046897ABD
:10C7000000786B46022200F01FF948B9BDF800001E
:10C71000AF6040BAB0FBF9F06F60C6B22F6000E0C6
:10C720000FE0A76067602760002739E0D8F80010A5
:10C73000D8F804006B46C97A00780C2200F004F99E
:10C7400010B15046BDE8FE8FBDF80000236840BA26
:10C7500002B2BDF80200BDF804101A44226040BACB
:10C76000626800B21044606049BAA06809B2084427
:10C77000A060BDF806002B6840BA02B2BDF8080000
:10C780001A4440BA01B2BDF80A002A606A6840BA89
:10C7900011446960A96800B208447F1CFFB2A86018
:10C7A000B742C3D328688322C117090441EA104164
:10C7B00000040023F3F791FD32460023F3F78DFDCB
:10C7C000286068688322C117090441EA1041000407
:10C7D0000023F3F782FD32460023F3F77EFD686005
:10C7E000A8688322C117090441EA1041000400230C
:10C7F000F3F773FD32460023F3F76FFDA86020685E
:10C800004FF40065C117090441EA104100042A46AB
:10C810000023F3F762FD32460023F3F75EFD20604C
:10C8200060682A46C117090441EA10410004002348
:10C83000F3F753FD32460023F3F74FFD6060A06825
:10C840002A46C117090441EA104100040023F3F706
:10C8500044FD32460023F3F740FDA060002802DDCE
:10C86000A0F5803001E000F58030A060002069E78D
:10C87000D4000020F8B506462E480D460024406836
:10C880006B46032200780D2100F05EF808B1072006
:10C89000F8BD9DF80000002200F01F008DF8000098
:10C8A0009DF801009FED241A00F01F008DF8010093
:10C8B0009DF802006B4600F01F008DF80200012178
:10C8C00056F8220055F82270C01B00D5404200EEF9
:10C8D000100A985CB8EEC00A60EE010AD0B1B3EE5F
:10C8E000090ADFED161A01E020EE210AC0B2401E4F
:10C8F00010F0FF009854F7D1C0EE801AB7EE000A8E
:10C900000F4F31EEC00AB0EEC00A10EE100AB84266
:10C9100007DC09E010EE900A0A4F3844B0F1D97FE5
:10C9200002D901FA02F00443521C032AC8DB204654
:10C93000F8BD0000D40000200000803754E3853F9C
:10C94000295C0F3E0000E0BE2DE9F0411D46144673
:10C950000F460646F8F720FFB0B17006000EF8F754
:10C96000EBFEF8F761FF90B13846F8F7E5FEF8F70F
:10C970005BFFF8F711FF012000EB4600C0B2F8F7AB
:10C98000DBFEF8F751FF0FE00120BDE8F081F8F77A
:10C990002BFFF9E7012C0DD05FF00100F8F798FEAE
:10C9A000641E05F8010BE4B2002CF3D1F8F71CFF6C
:10C9B0000020EAE70020F1E72DE9F0411E46154688
:10C9C0000F460446F8F7E8FE68B16006000EF8F777
:10C9D000B3FEF8F729FF48B13846F8F7ADFEF8F78F
:10C9E00023FF00240CE00120BDE8F081F8F7FCFEF5
:10C9F000F9E7305DF8F7A0FEF8F716FF10B1641CF8
:10CA0000AC42F6DBF8F7F0FE0020EDE790F90010FD
:10CA1000002902DD4FF00000704702DA4FF00400F9
:10CA2000704790F90110002902DD4FF001007047B6
:10CA300002DA4FF00500704790F90200002802DD8D
:10CA40004FF00200704702DA4FF0060070474FF0D7
:10CA5000070070471CB5F7F799F8FAF791FFFEF752
:10CA6000D1FAF9F79FFBF9F76DFBF9F7A9FEF9F792
:10CA70008BFEF9F77DFCF9F7F3FCF9F72DFDF9F7DB
:10CA800069FDF9F7A5FDF9F7E1FDF9F701FCF9F703
:10CA900037FCF9F753FEF9F7B5FEF9F729FEF8F779
:10CAA00071FDF9F707FFF9F75CFAF5F7ABFA0949F9
:10CAB00000200870FAF7AAFD07490120CDE900011E
:10CAC0000202002305A1084802F0D8FB01F0E2FFB2
:10CAD000FEE700003900002004000020737461723A
:10CAE000745F7461736B000015E300082DE9F04179
:10CAF000124C20F00101002594F8240010B1002010
:10CB0000BDE8F081A07A4FF0FF3668B10840277C7D
:10CB10002074884200D0354641B1012001F042FB2B
:10CB200000F068FA38B127743046E9E7207D00B19B
:10CB3000012001F037FB2846E2E70000D400002086
:10CB40000D494A7A42B1012A08D0022A0FD0032A9D
:10CB50000FD04FF0FF307047022200E00422027035
:10CB6000C97C11B11106C90D01700020704708225F
:10CB7000F5E71022F3E70000D40000200F494A7ABD
:10CB800042B1012A09D0022A11D0032A12D04FF053
:10CB9000FF3070474FF4804201E041F69C72028002
:10CBA000C97C11B1C2F34E010180002070474FF4DF
:10CBB0008052F4E74FF40062F1E70000D400002057
:10CBC0000B49097A39B1012907D002290AD0032972
:10CBD0000BD0002103E0FA2101E04FF4FA7101804B
:10CBE000002070474FF47A71F9E74FF4FA61F6E7E5
:10CBF000D40000200D49097A41B1012909D0022948
:10CC00000DD003290ED04FF0FF3070479FED080A7A
:10CC100001E09FED080A80ED000A002070479FEDBB
:10CC2000060AF8E79FED050AF5E70000D4000020AA
:10CC30000000034300008342333303423333834114
:10CC40000C49C97A072913D2DFE801F01204060A59
:10CC50000C0E1000BC2100E0622101800020704712
:10CC60002A21FAE71421F8E70A21F6E70521F4E77B
:10CC70000021F2E7D4000020054991F8242012B1E8
:10CC80004FF0FF307047C9890180002070470000D5
:10CC9000D40000202DE9FC41464C80208DF8000096
:10CCA00020686B460122817C60680078FFF784FE73
:10CCB0004FF0FF37002875D16420FEF7C7F9002533
:10CCC0008DF8005020686B460122817C60680078F6
:10CCD000FFF772FE002865D120686B460622817D31
:10CCE00060680078FFF730FE00285BD19DF80500F2
:10CCF0009DF80310C007400F01F0010140EA410018
:10CD00009DF801104FF0010601F00101084304D025
:10CD1000012831D0022810D044E020686B4601225F
:10CD2000C17860680078FFF70FFED8BB9DF800005F
:10CD300010F00F0036D004281ED0E574FF2004F850
:10CD40000A0F4FF6FF7104F8020C04F8010C607032
:10CD5000A180A0712072A67026766576E572A57214
:10CD6000E56025616561A576E576A5834FF4FA60F7
:10CD700000F03EFBB0B901E0E674DFE7022000F00E
:10CD800059FA78B92A2000F09BFB58B9322000F0FC
:10CD9000CDFB38B90020FFF7A9FE18B9002000F03C
:10CDA0007DFA10B13846BDE8FC81002000F0FEFBA2
:10CDB0000020F8E7D40000202DE9FF4FDFF8948031
:10CDC000064685B098F8250015460F464FF0FF3906
:10CDD000B0BBAFB3002420E0301B102800DD1020D2
:10CDE00080B283463A1901469246204600F03AFC4A
:10CDF00030BB6A465946204600F0D2F800BB504688
:10CE00005A466946F3F709FB20B16FF0010009B0FB
:10CE1000BDE8F08F04EB0B0084B2B442DCD3280AE7
:10CE20008DF810008DF81150D8F80000444604AB7E
:10CE3000817ED8F8040002220078FFF7BDFD08B11A
:10CE40004846E4E7012084F825000898E0840020A3
:10CE5000DDE70000D40000202DE9F84305464FF03F
:10CE6000FF39282844D80727284C00267DB1012007
:10CE700000F0F4FA20208DF800004FF00108012D99
:10CE800017D0052D18D88DF8018005201FE000204F
:10CE900000F0E4FA8DF800608DF8017020686B46B0
:10CEA0000222817C60680078FFF786FD00BB267552
:10CEB00029E08DF80160E8E7142D04D802208DF8F0
:10CEC00001000A2003E003208DF80100142000F087
:10CED000F7FA9DF801006B4607EB80108DF8010012
:10CEE00020680222817C60680078FFF765FD10B140
:10CEF0004846BDE8F8830820A072267384F81480A1
:10CF00000020FFF7F3FD0020F3E70000D40000202D
:10CF10002DE9F843214C0646174694F8240089462B
:10CF20004FF0FF3890B3A07A80B320686B4602229E
:10CF3000817A60680078FFF707FD38BBBDF8000014
:10CF400045BAB54202D2002038701FE060684188BF
:10CF5000B5EB510F11D9216800786B46497C01224D
:10CF6000FFF7F2FC90B99DF80000C00605D500F06F
:10CF700041F86FF00100BDE8F8832068F2B24B463B
:10CF8000C17A60680078FFF7DFFC08B14046F2E73D
:10CF9000B5FBF6F0401E38700020ECE7D40000200E
:10CFA000F8B516000D464FF0FF371FD0104CA17A90
:10CFB000E1B1010A8DF80010C0B28DF801004119ED
:10CFC00060684289914211D8216800786B46097ED9
:10CFD0000222FFF7F1FC48B92068EAB23346417DEE
:10CFE00060680078FFF7B0FC002800D03846F8BD34
:10CFF000D4000020F8B5524C4FF0FF36A07A00283C
:10D000007CD000258DF8005020686B460122C17B42
:10D0100060680078FFF7D0FC00286FD120686B466D
:10D020000122417960680078FFF7C6FC002865D1CD
:10D0300020686B460122017960680078FFF7BCFC2C
:10D0400000287AD194F82400C8B30C208DF8000091
:10D0500020686B460122017960680078FFF7ACFC1C
:10D0600000286AD1C0208DF80000A07AC00702D045
:10D07000E0208DF8000020686B460122017960688D
:10D080000078FFF799FC002857D1607C18B1022086
:10D090008DF8000001E08DF8005020686B460122F9
:10D0A000C17B60680078FFF787FC38BB8DF80050C3
:10D0B00020686B46012241796068007839E0FFE71B
:10D0C00004208DF8000020686B4601220179606819
:10D0D0000078FFF771FC88B9A07C80B9A07AC007FE
:10D0E0000DD060208DF8000020686B460122017988
:10D0F00060680078FFF760FC00B902E01DE04020A6
:10D10000F0E7607C18B101208DF8000001E08DF897
:10D11000005020686B460122C17B60680078FFF7F1
:10D120004BFC50B92068064B0122417960681033EE
:10D130000078FFF741FC002800D03046F8BD000021
:10D14000D40000202DE9F047394C82468AB094F88B
:10D1500024000F4620B1002000F00EF9012600E067
:10D16000002607A8FFF72CFD06A8FFF7E9FC09A891
:10D17000FFF766FD08A8FFF77FFD94F80A9094F882
:10D1800010800025002239465046FFF7E9F910B11A
:10D190006D1C022DF6DB022D1AD00025012203A9F9
:10D1A0006846FFF7DDF910B16D1C022DF6DB022D8C
:10D1B0000ED003A93846FDF7B5FEC7B26946504602
:10D1C000FFF758FB10F0FF0F4FF0000502D002E010
:10D1D000002503E001250FB945F00205FF2020726C
:10D1E0006072E0724FF6FF71E181A072207401203D
:10D1F0002073BDF81C0000F0FBF89DF8180000F04B
:10D2000019F8BDF8240000F05BF9BDF8200000F02B
:10D210008DF9484600F0CAF94046FFF767FC16B1A1
:10D22000012000F0A9F80AB02846BDE8F087000008
:10D23000D400002038B5184C4FF0FF35A17A19B34F
:10D24000022806D0042806D008280ED010281BD1AA
:10D250000DE0002000E008208DF80000607A9DF8C5
:10D260000010B0EBD10F04D005E01020F4E7182037
:10D27000F2E7002038BD20686B460122C179606862
:10D280000078FFF799FB08B1284638BD9DF80000EB
:10D29000C0086072EDE70000D4000020F8B5354CFE
:10D2A0000546A07CA84201D10020F8BD31484FF0CE
:10D2B000FF366B46D0E900104FF001020979007883
:10D2C00035B3FFF741FB70BB9DF800006B4620F0C3
:10D2D00020008DF800002068012201796068007844
:10D2E000FFF76AFBF8B90320FDF7B0FE02208DF8C6
:10D2F000000094F8220078B382202BE020686B466F
:10D300000122017D60680078FFF756FB58B92EE0D6
:10D31000FFF71AFB38B9A07AC0079DF8000003D0C8
:10D3200040F0200002E00CE020F020008DF800002A
:10D3300020686B460122017960680078FFF73CFBAA
:10D3400008B13046F8BD0320FDF780FE94F82200B6
:10D3500000B180208DF8000094F823000028CDD083
:10D360009DF8000040F030008DF80000C6E7A5747D
:10D370009AE70000D400002038B51C4C94F8241023
:10D3800081421DD0002500B394F82500D0B10020C3
:10D3900000F008FF0020FFF781FFE08C00F0C6F8E6
:10D3A0008DF8005060686B46012200782321FFF75A
:10D3B00003FB012084F8240000F0F4FEFFF71AFEBE
:10D3C000002038BD4FF0FF3038BD002000F0EAFEED
:10D3D000207C8DF8000060686B46012200782321D4
:10D3E000FFF7EAFA84F82450E8E70000D4000020B0
:10D3F00038B5194C4FF0FF35A17A31B3FA2809D06E
:10D40000B0F5FA7F08D0B0F57A7F0FD0B0F5FA6F9B
:10D410001BD10DE0002000E008208DF80000207AEC
:10D420009DF80010B0EBD10F04D005E01020F4E718
:10D430001820F2E7002038BD20686B460122817970
:10D4400060680078FFF7B8FA08B1284638BD9DF843
:10D450000000C0082072EDE7D400002038B5174C5A
:10D46000054694F82300A84201D1002038BD0DB133
:10D47000302000E000208DF80000A07C28B19DF84D
:10D48000000040F002008DF8000094F8220028B15E
:10D490009DF8000040F080008DF8000020686B4689
:10D4A0000122017D60680078FFF786FA10B14FF025
:10D4B000FF3038BD84F82350D7E70000D4000020A7
:10D4C00038B5194C4FF0FF35A17A31B3BC2801D3E0
:10D4D000012010E0622801D302200CE02A2801D3A9
:10D4E000032008E0142801D3042004E00A2801D313
:10D4F000052000E006208DF80000E07A9DF800107D
:10D50000884201D1002038BD20686B460122817815
:10D5100060680078FFF750FA08B1284638BD9DF8DA
:10D520000000E072EEE70000D4000020F8B51E4DC8
:10D5300004464FF0FF37A87A48B395F8240030BB73
:10D54000287D4FF47A7648B164B1282C03D8E0B234
:10D55000FFF782FC26E00020FFF77EFC042C05D2BA
:10D56000042406E00020FFF777FCF9E7B44200D975
:10D570003446B6FBF4F0401E8DF8000028686B4678
:10D580000122417868680078FFF716FA08B138463A
:10D59000F8BD9DF80000401CB6FBF0F0E8814008A3
:10D5A000FFF78EFF0020F8BDD4000020F8B5054637
:10D5B00010F0700F4FF0000601D0012004E015B10B
:10D5C0008DF8006002E040208DF80000244C6B468E
:10D5D00001222068817C60680078FFF7EDF94FF048
:10D5E000FF3760BB9DF8000020F0400020738DF8ED
:10D5F0000060680602D404208DF80000A80605D457
:10D600009DF8000040F002008DF80000E80605D407
:10D610009DF8000040F001008DF80000280705D4B7
:10D620009DF8000040F038008DF8000020686B463F
:10D630000122C17C60680078FFF7BEF910B1A672C4
:10D640003846F8BD25B1082D02D00020FFF706FFAF
:10D65000A57226753220FDF7F9FC0020F8BD000008
:10D66000D4000020F8B516000D464FF0FF371FD04C
:10D67000104CA17AE1B1010A8DF80010C0B28DF80A
:10D680000100411960684289914211D821680078EF
:10D690006B46097E0222FFF78FF948B92068EAB28B
:10D6A0003346417D60680078FFF786F9002800D096
:10D6B0003846F8BDD4000020002800DA4042704708
:10D6C00070470246012000E05043491EC9B2FBD218
:10D6D0007047000070B5FDF775FC204C06004FF058
:10D6E00001050AD0E07840B92078401CC0B2207013
:10D6F000042800D92570F9F7A9F81948E6700078D0
:10D70000012803D117480078012809D0257116A2F5
:10D710001E210520F9F7F0F9BDE87040F9F742B98C
:10D72000207918B1F9F792F80020207120780128AB
:10D7300007D0022808D0032809D004280AD0257071
:10D74000EAE7FDF7B9FCE7E7FDF7BCFEE4E7FDF724
:10D7500061FFE1E7FEF7CAF8DEE700002C000020D9
:10D76000910000209000002043616C696272617436
:10D77000696E672E2E2E20002DE9F041184C0F46C1
:10D780000546E6682068001D00F04DFE38B92068A7
:10D7900090F82C1001208840216981432161681C88
:10D7A00007D137B12168BDE8F0410E48091D00F0EE
:10D7B00072BE20683544B5424560216805D2A06B31
:10D7C000BDE8F041091D00F04EBE606B091D00F080
:10D7D0004AFEA06A854200D2A562BDE8F081000041
:10D7E00034020020601700202DE9F041054600F0CA
:10D7F0005FFE2D4CA068401CA06020682B4F10B12C
:10D80000606930B32BE02560A068012827D100268D
:10D8100006EB860007EB800000F017FE761C202E3A
:10D82000F6D3234800F011FE2148143000F00DFE1D
:10D830001F48283000F009FE1D483C3000F005FE6E
:10D840001B48503000F001FE194860631430A0639B
:10D8500005E02068E96AC06A884200D82560606AED
:10D86000401C60626864E96A0120226988401043B4
:10D87000206101EB810007EB8000291D00F00BFE09
:10D8800000F050FE606900280CD02068E96AC06A88
:10D89000884207D207494FF080500860BFF34F8F8E
:10D8A000BFF36F8FBDE8F081340200209014002098
:10D8B0001017002004ED00E010B500F0F9FD0E4C4B
:10D8C0002068A0B90D4800F0C0FD0C48143000F0ED
:10D8D000BCFD0A48E06014302061002210210520C0
:10D8E00001F004FA206010B105A100F0EBFEBDE8E4
:10D8F000104000F017BE00007002002074170020D6
:10D90000546D72510000000070B5114E114C17E0BB
:10D9100001F00AF93068B8B101F00AFE00F0C8FD64
:10D92000F068C568281D00F07EFDA068401EA0605C
:10D930006068401E606000F0F5FD284600F055F874
:10D9400060680028E4D170BD01F0F2FDF8E7000046
:10D950004C1700203402002030B4026C0B46002A21
:10D960000BD0C1681144C1604468A14201D3016871
:10D97000C16030BC1846F2F7E1BC30BC70472DE9FD
:10D98000F041856B174604460026026C82B1C7B190
:10D99000E068F2F7D3FCE168206C091AE1602268C4
:10D9A000914202D26168081AE060022F16D017E097
:10D9B0002068A8B9606801F015FD06460020606087
:10D9C0000EE0A068F2F7BAFC216CA0680844A060E1
:10D9D0006168884204D32068A06001E005B16D1E33
:10D9E0006D1CA5633046BDE8F08110B50446006BA0
:10D9F00000F0C8FD2046BDE8104000F0C3BD0000A7
:10DA000010484FF4A041420706D0C01D0D4920F038
:10DA10000700411AC1F5A0410B4A00230144C2E9A5
:10DA200000030839103A21F0070111604B600B60C8
:10DA30000B1AC0E9001393604FF000405360D060B0
:10DA4000704700009C17002094020020074C4FF004
:10DA50008056074DFFF758FF20680128FAD92E603D
:10DA6000BFF34F8FBFF36F8FF4E7000090140020D7
:10DA700004ED00E02DE9F047DDE909840E46174684
:10DA8000824691009946089DA522206BF2F776FC0C
:10DA90006FF00301206B01EB8701084420F00707BA
:10DAA000780705D040F22B3219A11EA0FAF788FEA4
:10DAB00000202218315C82F83410315C11B1401C16
:10DAC0001028F6D3002684F84360202D00D31F25AC
:10DAD000E562C4E91356201D00F0C2FC04F11800F1
:10DAE00000F0BEFC2461C5F120006462A06166659F
:10DAF00084F858604A465146384600F0FBFA2060E8
:10DB0000B8F1000F01D0C8F80040BDE8F087000070
:10DB10004672656552544F535C7461736B732E6328
:10DB2000000000004572726F723A25732C25640D57
:10DB30000A00000030B5114900E011460A6882422F
:10DB4000FBD34B685C18844203D14068184448609A
:10DB5000084643681C18944209D1084C103C2468BC
:10DB6000A24209D052681A4442600A6812680260F0
:10DB7000814200D0086030BD0460F9E794020020C3
:10DB800070B5002441600B4D0061914206D8D11A56
:10DB90008269914206D2011D286907E09A4203D2A8
:10DBA000994201D3012403E0011DE86800F05BFC09
:10DBB000204670BD7002002010B5044600F078FCCD
:10DBC000A06B28B15FF0000400F0ACFC204610BD53
:10DBD0000124F9E72DE9F34100980F460026846CF3
:10DBE0002CB940F6CE1216A11AA0FAF7E9FDA06BE7
:10DBF000E16B884205D340F6CF1211A115A0FAF7C8
:10DC0000DFFDA06BE16B88420CD294F945503A4697
:10DC100069462046FFF7B3FE0646681C05D06D1C1A
:10DC200084F845503046BDE8FC81606A0028F9D090
:10DC300004F1240001F030FC0028F3D00126F1E7C4
:10DC40004672656552544F535C71756575652E63F8
:10DC5000000000004572726F723A25732C25640D26
:10DC60000A000000F8B5054614480E46C068C068B2
:10DC7000C468201D00F0D7FBE069012817D1A06916
:10DC80002B46411932462046FFF77AFF78B1002033
:10DC90000346014600902A46204601F02DFD30B98A
:10DCA00007494FF4027201F11400FAF789FD616A25
:10DCB00001B02046BDE8F040084700007002002097
:10DCC00064F6000870B588B02F4E53E00498002821
:10DCD00006DADDE90601059A90470498002849DB39
:10DCE000069C606910B1201D00F09DFB02A800F0A9
:10DCF000A5F8054604980A283CD2DFE800F005059F
:10DD0000053B273805053B270598A16903460144D3
:10DD10002A462046FFF734FF00282BD0616A2046B0
:10DD20008847E069012825D1002000900598A16965
:10DD3000002342181946204601F0DEFCD0B940F21B
:10DD4000213212A116A0FAF73BFD13E00598A0615D
:10DD500028B94FF44E720DA111A0FAF731FDA06958
:10DD60002B4641191A462046FFF70AFF02E02046DB
:10DD700000F008FC00231A4604A9306800F0F2FF06
:10DD80000028A3D108B070BD7002002046726565FE
:10DD900052544F535C74696D6572732E63000000BA
:10DDA0004572726F723A25732C25640D0A000000CB
:10DDB000F8B50D46064600F0B7FE684600F03EF89E
:10DDC0000446009810B101F0B3FBF8BD1148ADB1A5
:10DDD00001690968D9B10025311B2A46006800F0A5
:10DDE00085FC01F0A5FB0028EFD10B494FF08050D6
:10DDF0000860BFF34F8FBFF36F8FF8BDA642EBD81B
:10DE000001F096FB21463046FFF72CFFF8BD0125B7
:10DE1000E2E700007002002004ED00E00648416BDC
:10DE2000096829B1416BC968C9684968816270474E
:10DE30004FF0FF31FAE700003402002070B50546CC
:10DE400001F056FA064E0446B068844203D200F050
:10DE500009F8012000E0002028602046B46070BD71
:10DE600070020020F8B5184D26E0C068C468066846
:10DE7000201D00F0D8FA616A20468847E069012831
:10DE80001AD1A0693044B04206D924616060211DD6
:10DE9000E86800F0E8FA0FE0002003460146009031
:10DEA0003246204601F028FC30B9084940F292324F
:10DEB00001F11400FAF784FCE86801680029D4D164
:10DEC0002969C5E90310F8BD7002002064F6000856
:10DED00008484068401C05D040F20F1206A110A06F
:10DEE000FAF76EFC502080F31188BFF34F8FBFF319
:10DEF0006F8FFEE79C0200204672656552544F53B7
:10DF00005C706F727461626C655C525644535C4124
:10DF1000524D5F434D34465C706F72742E63000047
:10DF20004572726F723A25732C25640D0A00000049
:10DF3000074CE068016841B1C0680021D0F80000DA
:10DF4000FFF736FFFFF7BEFEF3E701210020F7E7FA
:10DF5000700200202DE9F041044600F0A9FA94F97E
:10DF6000455004F1240610E0A06C20B100212046A9
:10DF7000FFF730FE04E0606A48B1304601F08CFAE9
:10DF800008B100F0C3FC6D1E6DB2002DECDC4FF04B
:10DF9000FF3684F8456000F0C5FA00F089FA94F97C
:10DFA000445004F1100709E0206948B1384601F0F7
:10DFB00073FA08B100F0AAFC6D1E6DB2002DF3DCFF
:10DFC00084F84460BDE8F04100F0ACBA2DE9F041BE
:10DFD0000546002700F0A8FD324E306808B9FFF76B
:10DFE0000FFDF06805424FD1002D4DD00835680770
:10DFF0000BD005F00700C0F108000544680704D005
:10E00000BF2229A131A0FAF7DBFB002D3CD07068BC
:10E01000854239D82348103001460C6801E020467B
:10E020000C466168A94202D221680029F7D1316803
:10E03000B0468C4228D007682168016060680837C4
:10E04000401B10280ED96619700704D0EC2216A1C7
:10E050001EA0FAF7B5FB6068401B70603046656033
:10E06000FFF768FD6268D8F804104046891AC8F8BE
:10E070000410D8F80830994200D28160D8F80C001A
:10E0800002430020C4E9000201F052FA780705D0EB
:10E090004FF4967204A10DA0FAF792FB3846BDE842
:10E0A000F0810000840200204672656552544F538F
:10E0B0005C706F727461626C655C4D656D4D616E14
:10E0C000675C686561705F342E6300004572726F33
:10E0D000723A25732C25640D0A0000000449086873
:10E0E00018B10868026D521C02650868704700008C
:10E0F0003402002010B5031F4FF080741C601B1FFA
:10E1000021F001011960191F044B0B6014390A60DA
:10E11000091F6FF0020244380A6010BDD1DE00080A
:10E1200000B589B002A905A8FFF70CF8072836D179
:10E130006846FEF75FFD9DED050A05A8F8EEC00AEA
:10E140009DED000A60EE800AFDEEE00ACDED050AC5
:10E15000DDED060AF8EEE00A60EE800AFDEEE00A68
:10E16000CDED060ADDED070AF8EEE00A20EE800AA2
:10E17000BDEEC00A8DED070AFDF744FF01A8FEF7CA
:10E18000FDFCBDF80400029941430291039941430B
:10E1900003910499414302A80491FDF795FE09B04B
:10E1A00000BD0000F8B5144C0146224694F82460E6
:10E1B000D2E9000200235D1E56B179B1022111E0BF
:10E1C000C17B10786B460122FEF7F6FB68B90EE0C2
:10E1D000A67A56B111B1617C61B902E08DF80030C8
:10E1E000EEE701218DF80010EAE72846F8BD9DF81A
:10E1F000000060740020F8BDD400002008B501F0D4
:10E2000077F8214EDFF88490214D224C4FF480782E
:10E21000002700900A21684600F0C0FA30683228D2
:10E2200001DA012203E03338312804D200224146CA
:10E230004846F5F798FCAF71F5F768F8D4ED000A99
:10E2400030EE200A84ED000AA879401CC0B2A87103
:10E250000A28F1D3F0EE400AB2EE041A0E4880EE1E
:10E26000810ADFED0E0A80ED000AC4ED000ADFED41
:10E270000C0A20EE200ABDEEC00A85ED020AF3F773
:10E28000C7FAFFF727FAC5E71C010020000002408B
:10E290002C0000200C0000200800002000000000DE
:10E2A0000000C84200B52DED048B83B041EC190B82
:10E2B000F3F797F941EC180B18EE100A18EE901AC4
:10E2C0008DED008B002818BF0120084320F000408E
:10E2D000C0F17F6000F1E040C00F14D019EE101AB9
:10E2E00019EE900A8DED009B002918BF012108430B
:10E2F00020F00040C0F17F6000F1E040C00F04BF9B
:10E300000120FCF797F951EC180B03B0BDEC048B1E
:10E3100000BD00007CB500F0CBF800240325CDE95A
:10E3200000544FF400762346324616A1194800F0F7
:10E33000A5FFCDE900540023721017A11A4800F080
:10E340009DFFCDE900540023324618A11A4800F081
:10E3500095FFCDE900540023324618A11A4800F079
:10E360008DFFCDE900540023324618A11A4800F071
:10E3700085FF1A48006800F063FABDE87C4000F0B1
:10E38000D1B8000042616C616E63655F7461736B4C
:10E3900000000000411C00084D5055363035305FFC
:10E3A0007461736B000000000D60000873686F7784
:10E3B0005F7461736B000000FDE100084C65645FF1
:10E3C0007461736B00000000FD5D000857694669C9
:10E3D0005F5461736B000000BD86000804000020DC
:10E3E000B4EEE00AF1EE10FA02D2B0EE600A704725
:10E3F000B4EEC10AF1EE10FAF9DDB0EE410A704751
:10E400000249486008684006FCD57047001001408A
:10E4100000B5020006D002E0FFF7F2FF521C1078B0
:10E420000028F9D100BDD0E9013201699A60D0E934
:10E4300001235A604A68824201D182684A60002200
:10E4400002610868401E0860704700F108014FF043
:10E45000FF32C0E90112C160016100210160704713
:10E4600000210161704730B50B685A1C02D000F1E1
:10E47000080202E0026904E02246546825689D42D1
:10E48000FAD953684B6099608A60516008610168ED
:10E49000491C016030BD42684A6093688B60936894
:10E4A0005960916008610168491C01607047000073
:10E4B000502080F31188BFF34F8FBFF36F8F09494E
:10E4C0004868401C486001280AD10748006810F0DD
:10E4D000FF0F05D040F2B91204A10EA0FAF770B9EF
:10E4E000704700009C02002004ED00E04672656564
:10E4F00052544F535C706F727461626C655C52561B
:10E5000044535C41524D5F434D34465C706F7274AE
:10E510002E6300004572726F723A25732C25640DCC
:10E520000A00000010B5084C606828B94FF4E0728A
:10E5300006A110A0FAF744F96068401E606001D19E
:10E5400080F3118810BD00009C02002046726565B2
:10E5500052544F535C706F727461626C655C5256BA
:10E5600044535C41524D5F434D34465C706F72744E
:10E570002E6300004572726F723A25732C25640D6C
:10E580000A00000070B500282AD0164DA0F108043A
:10E590006068E968084205D14FF4A07212A11BA07F
:10E5A000FAF70EF9206828B140F241120EA117A027
:10E5B000FAF706F96168E868014211D02268002A7A
:10E5C0000ED18143616000F0AFFA60686968084469
:10E5D00068602046FFF7AEFABDE8704000F0A8BFC3
:10E5E00070BD0000840200204672656552544F538E
:10E5F0005C706F727461626C655C4D656D4D616ECF
:10E60000675C686561705F342E6300004572726FED
:10E61000723A25732C25640D0A00000006484FF459
:10E620007A710068B0FBF1F14FF0E020491E4161C2
:10E6300007210161704700002000002010B5F1F7AC
:10E6400005FE104C10280CD300F1E02090F8F003E8
:10E650002178884205D24FF440720BA114A0FAF73A
:10E66000AFF817480068A16800F4E060884207D955
:10E67000BDE810404FF4447203A10DA0FAF7A0B812
:10E6800010BD00009C0200204672656552544F5335
:10E690005C706F727461626C655C525644535C418D
:10E6A000524D5F434D34465C706F72742E630000B0
:10E6B0004572726F723A25732C25640D0A000000B2
:10E6C0000CED00E010B5084B002200BF53F83240BB
:10E6D0001CB1521C082AF9D310BD43F8321003EBC9
:10E6E000C201486010BD00005014002070B51546EE
:10E6F0000E460446FFF7DCFE94F944100020491C46
:10E7000001D184F8440094F94510491C01D184F8E2
:10E710004500FFF707FFA06B28B92A46314604F1F0
:10E72000240000F023F92046BDE87040FFF712BC3A
:10E7300010B5040012D00E48006B28B140F2CF4251
:10E740000CA111A0FAF73CF800F0EEF900212046E8
:10E75000FFF712F800F0ECFE002807D10E494FF049
:10E7600080500860BFF34F8FBFF36F8F10BD000064
:10E77000340200204672656552544F535C746173D5
:10E780006B732E63000000004572726F723A25733E
:10E790002C25640D0A00000004ED00E070B50D4664
:10E7A000040005D140F279421AA11FA0FAF708F837
:10E7B0002DB940F27A4217A11BA0FAF701F81E4EBC
:10E7C000306B28B140F27B4212A117A0F9F7F8FF95
:10E7D00000F0AAF9F26823685919934204D98B42D0
:10E7E0000AD9914202D807E08B42FAD9881A2160EF
:10E7F0000021FEF7C1FF00E0216000F099FE002833
:10E8000007D10E494FF080500860BFF34F8FBFF320
:10E810006F8F70BD4672656552544F535C7461735F
:10E820006B732E63000000004572726F723A25739D
:10E830002C25640D0A0000003402002004ED00E0E5
:10E8400070B50546FFF734FE234C05B92568281D31
:10E85000FFF7E9FD58B9E86A204A00EB800152F859
:10E86000211021B901218140206988432061A86AD3
:10E8700018B105F11800FFF7D6FD606A401C606210
:10E880002068854207D1291D1548FFF704FE6068FE
:10E89000401C606007E0A068401EA0602846FFF7AB
:10E8A000A4F8FFF7BBFAFFF73DFE6069002812D01D
:10E8B000206885420FD1206B28B140F2654209A142
:10E8C0000DA0F9F77DFF10494FF080500860BFF3AD
:10E8D0004F8FBFF36F8F70BD340200209014002063
:10E8E0004C1700204672656552544F535C74617337
:10E8F0006B732E63000000004572726F723A2573CD
:10E900002C25640D0A00000004ED00E001490120FF
:10E91000C86170473402002070B50D46040005D16F
:10E9200040F6063207A10CA0F9F74AFF0E4801682D
:10E9300020461831FFF797FD2846BDE870400121B9
:10E94000FEF71ABF4672656552544F535C7461738B
:10E950006B732E63000000004572726F723A25736C
:10E960002C25640D0A0000003402002070B5144606
:10E970000D46060005D140F6313209A10DA0F9F788
:10E980001FFF1048016830461831FFF784FD0CB1B5
:10E990004FF0FF3521462846BDE87040FEF7ECBE3B
:10E9A0004672656552544F535C7461736B732E638A
:10E9B000000000004572726F723A25732C25640DB9
:10E9C0000A0000003402002070B5040039D01D4D4B
:10E9D000E06A2968C96A884233D2A069002804DB4A
:10E9E0002868C06AC0F12000A061E16A164E01EB00
:10E9F0008101606906EB810188421FD1201DFFF76C
:10EA000012FD012150B9E06A00EB800256F8222085
:10EA100022B92A6901FA00F082432A612868C06A93
:10EA2000E0622A6981401143296100EB800006EB16
:10EA30008000211DBDE87040FFF72DBD2868C06A29
:10EA4000E06270BD340200209014002010B5040074
:10EA500005D140F6C13205A109A0F9F7B1FE0C4875
:10EA6000016A2160C068606010BD00004672656583
:10EA700052544F535C7461736B732E63000000003B
:10EA80004572726F723A25732C25640D0A000000DE
:10EA9000340200201CB517480024CDE9004023466D
:10EAA000822215A1164800F0E9FB012803D100F0ED
:10EAB000EBFD01280AD0401C1BD102B040F2847249
:10EAC000BDE810400FA114A0F9F77ABE502080F3E2
:10EAD0001188BFF34F8FBFF36F8F06484FF0FF31A0
:10EAE0002C38816201214161C460BDE81C4000F006
:10EAF00061B81CBD6002002049444C450000000084
:10EB00004DDA00084672656552544F535C74617368
:10EB10006B732E63000000004572726F723A2573AA
:10EB20002C25640D0A0000000248016B491C01639A
:10EB3000704700003402002070B5134C206B10B1F8
:10EB40000120E06170BD0020E06120690F4EB0FA45
:10EB500080F0C0F11F0000EB800556F8250028B9B1
:10EB600040F6F6220AA10FA0F9F72AFE06EB85006F
:10EB700000F10802416849684160914201D1496849
:10EB80004160C868206070BD3402002090140020ED
:10EB90004672656552544F535C7461736B732E6398
:10EBA000000000004572726F723A25732C25640DC7
:10EBB0000A0000001CB52F4C20682F49884205D15F
:10EBC00040F259122DA137A0F9F7FAFD20682A4921
:10EBD000491E884205D14FF4AD7228A131A0F9F742
:10EBE000EFFD344C20780190FF20207020788DF8C4
:10EBF00000009DF800009DF8001000F0F000884231
:10EC000005D040F273121DA126A0F9F7D9FD9DF899
:10EC10000000294A00F0500010700720906005E0C5
:10EC20009DF8001049008DF80010401E9DF800105E
:10EC30000906F5D4000200F4E060906001982070AD
:10EC40000C482030016841F470010160016841F016
:10EC500070410160FFF7E2FC00205060F1F7BEFA5E
:10EC60001648016841F040410160F1F7A7FA002021
:10EC70001CBD000000ED00E071C20F4146726565E9
:10EC800052544F535C706F727461626C655C525683
:10EC900044535C41524D5F434D34465C706F727417
:10ECA0002E6300004572726F723A25732C25640D35
:10ECB0000A00000000E400E09C02002034EF00E0C5
:10ECC00010B5502080F31188BFF34F8FBFF36F8FC3
:10ECD00000F014FB18B104494FF080500860002088
:10ECE00080F3118810BD000004ED00E02DE9F04133
:10ECF00017460E46050005D14FF4C47210A115A0A9
:10ED0000F9F75EFDBEB105FB06F05430FFF75EF982
:10ED100004000ED004F154007EB12060C4E90F5607
:10ED20002046012100F0E0F884F8507000212046D0
:10ED3000A164BDE8F0810020E7E72460EEE7000071
:10ED40004672656552544F535C71756575652E63E7
:10ED5000000000004572726F723A25732C25640D15
:10ED60000A0000002DE9FF4F002683B09B468A462B
:10ED7000040005D140F2DC4251A156A0F9F720FD74
:10ED8000BAF1000F07D1206C28B140F2DD424CA14E
:10ED900050A0F9F715FD00F09DFA38B9059828B193
:10EDA0004FF49C6246A14BA0F9F70AFD4FF0000911
:10EDB0004FF08057DFF82C81FFF77AFBA56B4DB33E
:10EDC00051462046E668FEF7C7FDBBF1000F14D0A0
:10EDD000E660606A58B104F1240000BF00F05CFBFB
:10EDE00028B1C8F80070BFF34F8FBFF36F8FFFF7E4
:10EDF00099FB012007B0BDE8F08F6D1EA563206868
:10EE000010B9FFF76BF9606020690028EFD004F1BA
:10EE10001000E3E7059808B11EB106E0FFF782FB9A
:10EE200027E06846FFF712FE0126FFF77BFBFFF79E
:10EE30007BFEFFF73DFB94F94400401C01D184F8B0
:10EE4000449094F94500401C01D184F84590FFF7A7
:10EE500069FB05A9684600F0CDF9002820460AD0D4
:10EE6000FFF778F800F064FB2046FEF7A5FE0028C7
:10EE7000A2D00020BEE7FEF79FFED8B1206830B9CF
:10EE8000FFF716FB6068FFF79FFDFFF74BFB04F1F0
:10EE900024000599FFF740FD2046FFF75BF800F0DE
:10EEA00047FB002888D1C8F80070BFF34F8FBFF32D
:10EEB0006F8F81E72046FFF74DF800F039FB7BE7C5
:10EEC0004672656552544F535C71756575652E6366
:10EED000000000004572726F723A25732C25640D94
:10EEE0000A00000004ED00E070B50D46040005D1F5
:10EEF00040F21B121CA121A0F9F762FCFFF7D8FA1F
:10EF0000D4E90F20216802FB001161600021A16398
:10EF10002168A1600A46D4E90F01401E00FB0121CF
:10EF2000E16021464FF0FF3001F8440F487004F1D2
:10EF300010004DB1FFF789FA04F12400FFF785FABC
:10EF4000FFF7F0FA012070BD21690029F8D000F028
:10EF5000A3FA0028F4D00D494FF080500860BFF3A9
:10EF60004F8FBFF36F8FEBE74672656552544F5377
:10EF70005C71756575652E63000000004572726FE7
:10EF8000723A25732C25640D0A00000004ED00E0A0
:10EF90002DE9FF4782B01D468A464FF00008040065
:10EFA00005D140F2D92250A154A0F9F709FCBAF1D9
:10EFB000000F07D1206C28B140F2DA224AA14FA0FD
:10EFC000F9F7FEFB022D08D1E06B012805D040F2D5
:10EFD000DB2245A149A0F9F7F3FB00F07BF938B932
:10EFE000049828B140F2DE223FA144A0F9F7E8FBE3
:10EFF000464F4FF000094FF0805600BFFFF758FA18
:10F00000A06BE16B884207D3022D05D0049808B3AA
:10F01000B8F1000F21D025E02A4651462046FEF7E0
:10F02000AEFCA16C21B129462046FEF7D3FD05E0D8
:10F03000616A19B104F1240000F02EFA20B13E609B
:10F04000BFF34F8FBFF36F8FFFF76CFA012006B04D
:10F05000BDE8F087FFF766FA22E06846FFF7F6FCA6
:10F060004FF00108FFF75EFAFFF75EFDFFF720FAA9
:10F0700094F94400401C01D184F8449094F945006F
:10F08000401C01D184F84590FFF74CFA04A968466A
:10F0900000F0B0F830B12046FEF75CFF00F048FA0F
:10F0A0000020D4E7FFF704FAA06BE16B884213D18C
:10F0B000FFF738FA04F110000499FFF72DFC204601
:10F0C000FEF748FF00F034FA002897D13E60BFF306
:10F0D0004F8FBFF36F8F91E7FFF724FA2046FEF7BB
:10F0E00039FF00F025FA89E74672656552544F539F
:10F0F0005C71756575652E63000000004572726F66
:10F10000723A25732C25640D0A00000004ED00E01E
:10F110002DE9F047984617468946040005D140F28C
:10F120009F322BA12FA0F9F74BFBB9F1000F07D1AC
:10F13000206C28B14FF4687225A12AA0F9F740FB92
:10F14000B8F1020F08D1E06B012805D040F2A132DE
:10F150001FA124A0F9F734FBFFF770FA5020EFF35A
:10F16000118680F31188BFF34F8FBFF36F8FA06BB1
:10F17000E16B884208D3B8F1020F05D05FF00000C0
:10F1800086F31188BDE8F08794F945504246494618
:10F190002046FEF7F4FB681C04D06D1C84F8455033
:10F1A0000120EDE7A06C012520B141462046FEF785
:10F1B00011FD06E0606A0028F2D004F1240000F09E
:10F1C0006BF90028ECD0002FEAD03D60E8E70000A2
:10F1D0004672656552544F535C71756575652E6353
:10F1E000000000004572726F723A25732C25640D81
:10F1F0000A00000070B50D46040005D140F6CB3280
:10F2000014A119A0F9F7DCFA2DB940F6CC3211A1FE
:10F2100015A0F9F7D5FAFFF74BF9174AD168286816
:10F22000431C0FD02368126A934202D062688A425C
:10F230000AD96268891A814206D2401A286020469B
:10F24000FFF704FC002400E00124FFF76BF92046DF
:10F2500070BD00004672656552544F535C74617313
:10F260006B732E63000000004572726F723A257353
:10F270002C25640D0A000000340200202DE9FF5FF8
:10F280008346DDE90E87994616468A469000FEF7CA
:10F290009DFE05001AD05C20FEF798FE040012D0F7
:10F2A00025630021CDE90241CDE900874B46324676
:10F2B00051465846FEF7DEFB2046FEF795FA012040
:10F2C00004B0BDE8F09F2846FFF75CF94FF0FF302F
:10F2D000F6E700000548416919B1006B18B100203C
:10F2E0007047012070470220704700003402002060
:10F2F0000148C06870470000340200202DE9F04149
:10F300002D4C0027206B40B1A069401CA061E06932
:10F3100000B101273846BDE8F081E668761CE6605A
:10F3200011D1606B006828B140F6D91223A128A042
:10F33000F9F746FA606BA16B6163A063206A401C19
:10F340002062FEF76BFDA06ADFF89480864209D345
:10F35000606B006880B1606BC068C5686868864291
:10F360000DD2A0622068C06A00EB800158F821002D
:10F370000128CCD90127CAE74FF0FF30F1E7281D5B
:10F38000FFF751F8A86A18B105F11800FFF74BF81C
:10F39000E86A0121226981401143216100EB80016B
:10F3A00008EB8100291DFFF776F8E86A2168C96A31
:10F3B0008842CDD30127CBE7340200204672656531
:10F3C00052544F535C7461736B732E6300000000E2
:10F3D0004572726F723A25732C25640D0A00000085
:10F3E0009014002070B504004FF000063CD01F4D73
:10F3F0002868844205D040F6C7621DA121A0F9F714
:10F40000DFF9206D28B940F6C96219A11DA0F9F7EE
:10F41000D7F9206D401E2065E26CE16A914223D04D
:10F4200010BB201DFEF7FFFF1A4A012150B9E06A08
:10F4300000EB800352F8233023B92B6901FA00F066
:10F4400083432B61E06CE062C0F12000A061E06AC0
:10F450002B6981401943296100EB800002EB800099
:10F46000211DFFF718F80126304670BD3402002038
:10F470004672656552544F535C7461736B732E63AF
:10F48000000000004572726F723A25732C25640DDE
:10F490000A000000901400202DE9F041C068C46803
:10F4A0002CB940F6613216A11AA0F9F789F904F1D6
:10F4B00018000746FEF7B7FF1A4D286B012660B10A
:10F4C00039461948FEF7E7FFE06A2968C96A8842A9
:10F4D00013D90120EE61BDE8F081201DFEF7A3FFE6
:10F4E000E16A2A6906FA01F01043286101EB810004
:10F4F0000E4901EB8000211DE4E70020EBE700004E
:10F500004672656552544F535C7461736B732E631E
:10F51000000000004572726F723A25732C25640D4D
:10F520000A00000034020020381700209014002048
:10F530002DE9F0472C4C00252E46206B28B94FF4BE
:10F54000FD622AA12EA0F9F73BF9FEF7B1FF206B6F
:10F55000401E2063206BE0BBA1682D4F0120C1B38A
:10F56000A7F52A7980463868E8B1F868C56805F1DA
:10F570001800FEF758FF281DFEF755FFE86A2269BC
:10F5800008FA00F11143216100EB800109EB8100D1
:10F59000291DFEF780FFE86A2168C96A8842E2D324
:10F5A000C4F81C80DFE70DB1FEF738FCA5694DB14A
:10F5B0004FEA0807FFF7A2FE00B1E7616D1EF9D11F
:10F5C0000020A061E06920B11249012630070860DF
:10F5D00000E003E0BFF34F8FBFF36F8FFEF7A2FF92
:10F5E0003046BDE8F08700003402002046726565B1
:10F5F00052544F535C7461736B732E6300000000B0
:10F600004572726F723A25732C25640D0A00000052
:10F610003817002004ED00E02DE9F0470746994631
:10F6200016460D462C20DDF820A0FEF7CFFC040086
:10F6300014D0B8464F46D1462DB94FF4C67209A131
:10F640000DA0F9F7BDF8FEF737F904F11801C4F879
:10F65000008081E8E002201DFEF702FF2046BDE8A1
:10F66000F08700004672656552544F535C74696DB3
:10F670006572732E630000004572726F723A2573D3
:10F680002C25640D0A0000001CB50024FEF714F9B7
:10F690000C48006868B10B491F20091DCDE9000125
:10F6A00000234FF4827208A10948FFF7E7FD040028
:10F6B00005D140F2331207A10BA0F9F781F82046DB
:10F6C0001CBD000070020020546D72205376630050
:10F6D00031DF00084672656552544F535C74696DA2
:10F6E0006572732E630000004572726F723A257363
:10F6F0002C25640D0A0000002DE9FF47DDF830A03D
:10F70000994690460E4607004FF0000405D14FF48D
:10F71000D37212A116A0F9F753F8194D286880B1D9
:10F72000CDE900680297062E11DAFFF7D3FD022813
:10F730004FF0000309D0002269462868FFF728FC33
:10F74000044604B02046BDE8F0875246F4E70023A3
:10F750004A466946FFF7DCFCF2E700004672656541
:10F7600052544F535C74696D6572732E63000000D0
:10F770004572726F723A25732C25640D0A000000E1
:10F7800070020020000000000000000001020304DD
:10F790000607080900000000010203040000000041
:10F7A0000000000000000000000000003F400000DA
:10F7B0000000000000003000400030004000000069
:10F7C00009000BC03D000BC03D00090018C02440DB
:10F7D0007FE0224031800000180024C01B000D8013
:10F7E0003240018003801C4027401C8007400040BD
:10F7F0001000600000000000000000000000000099
:10F8000000001F80204040200000402020401F803A
:10F8100000000000090006001F800600090000002B
:10F82000040004003F800400040000000010006099
:10F8300000000000000000000400040004000400B8
:10F840000400000000000040000000000000000074
:10F85000002001C006003800400000001F8020404A
:10F86000204020401F800000000010403FC00040AA
:10F870000000000018C02140224024401840000031
:10F8800010802040244024401B80000002000D0016
:10F8900011003FC0014000003C802440244024402F
:10F8A000238000001F802440244034400380000057
:10F8B0003000200027C03800200000001B802440BA
:10F8C000244024401B8000001C0022C02240224013
:10F8D0001F80000000000000084000000000000041
:10F8E00000000000046000000000000000000400B0
:10F8F0000A001100208040400900090009000900A9
:10F900000900000000004040208011000A000400AF
:10F910001800200023402400180000001F80204011
:10F92000274029401F400000004007C039000F0059
:10F9300001C0004020403FC0244024401B80000004
:10F940001F802040204020403080000020403FC0E9
:10F95000204020401F80000020403FC024402E4017
:10F9600030C0000020403FC024402E003000000086
:10F970000F001080204022403380020020403FC012
:10F98000040004003FC02040204020403FC02040F1
:10F99000204000000060202020203FC020002000E8
:10F9A00020403FC024400B0030C0204020403FC0DA
:10F9B00020400040004000C03FC03C0003C03C006D
:10F9C0003FC0000020403FC00C4023003FC020004B
:10F9D0001F802040204020401F80000020403FC06A
:10F9E00024402400180000001F802140214020E016
:10F9F0001FA0000020403FC02440260019C0004046
:10FA000018C02440244022403180000030002040B3
:10FA10003FC020403000000020003F8000400040F8
:10FA20003F80200020003E0001C007003800200079
:10FA3000380007C03C0007C038000000204039C033
:10FA4000060039C0204000002000384007C0384080
:10FA500020000000304021C02640384020C0000077
:10FA6000000000007FE04020402000000000700007
:10FA70000C000380004000000000402040207FE098
:10FA800000000000000020004000200000000000F6
:10FA90000010001000100010001000100000000006
:10FAA000400000000000000000000280054005400A
:10FAB00003C0004020003FC0044004400380000019
:10FAC0000000038004400440064000000000038062
:10FAD000044024403FC00040000003800540054032
:10FAE00003400000000004401FC0244024402000C8
:10FAF000000002E0055005500650042020403FC0A1
:10FB00000440040003C000400000044027C000403F
:10FB10000000000000100010041027E000000000AA
:10FB200020403FC00140070004C004402040204066
:10FB30003FC000400040000007C0040007C00400B0
:10FB400003C00000044007C00440040003C000409C
:10FB5000000003800440044003800000041007F00C
:10FB6000045004400380000000000380044004505F
:10FB700007F00010044007C0024004000400000029
:10FB8000000006400540054004C0000000000400DD
:10FB90001F80044000400000040007800040044033
:10FBA00007C000400400070004C0018006000400F4
:10FBB000060001C0070001C006000000044006C0A6
:10FBC000010006C0044000000410071004E001809A
:10FBD000060004000000044005C006400440000088
:10FBE0000000000004007BE0402000000000000056
:10FBF0000000FFF000000000000040207BE0040057
:10FC00000000000040008000400020002000400074
:10FC100000000000000000000000000000000000E4
:10FC20000000000000001FCC000C000000000000DD
:10FC30000000080030006000080030006000000094
:10FC4000022003FC1E20022003FC1E2002200000D4
:10FC500000000E1811043FFF10840C780000000013
:10FC60000F0010840F3800C0077818840078000057
:10FC700000780F8410C411240E9800E4008400085A
:10FC80000800680070000000000000000000000094
:10FC900000000000000007E01818200440020000E7
:10FCA000000040022004181807E0000000000000D7
:10FCB0000240024001800FF001800240024000003B
:10FCC0000080008000800FF800800080008000002D
:10FCD0000001000D000E0000000000000000000008
:10FCE0000000008000800080008000800080008094
:10FCF0000000000C000C00000000000000000000EC
:10FD000000000006001800600180060018002000B6
:10FD1000000007F0080810041004080807F00000AD
:10FD20000000080408041FFC000400040000000098
:10FD300000000E0C10141024104411840E0C00004E
:10FD400000000C1810041104110412880C7000003B
:10FD5000000000E00320042408241FFC002400000D
:10FD600000001F9810841104110410881070000006
:10FD7000000007F0088811041104188800700000C2
:10FD800000001C00100010FC13001C0010000000FC
:10FD900000000E3811441084108411440E38000005
:10FDA00000000700088C10441044088807F0000089
:10FDB000000000000000030C030C00000000000025
:10FDC000000000000001010600000000000000002B
:10FDD0000000008001400220041008081004000008
:10FDE0000220022002200220022002200220000025
:10FDF00000001004080804100220014000800000E8
:10FE000000000E001200100C106C10800F0000009B
:10FE100003E00C1813E4142417C4082807D00000CA
:10FE20000004003C03C41C40074000E4001C000424
:10FE300010041FFC1104110411040E88007000004E
:10FE400003E00C1810041004100410081C1000002B
:10FE500010041FFC100410041004080807F0000030
:10FE600010041FFC1104110417C41004081800002A
:10FE700010041FFC1104110017C01000080000003E
:10FE800003E00C181004100410441C78004000001B
:10FE900010041FFC10840080008010841FFC1004DC
:10FEA0000000100410041FFC1004100400000000E7
:10FEB00000030001100110011FFE100010000000DF
:10FEC00010041FFC110403801464181C10040000AB
:10FED00010041FFC1004000400040004000C0000C7
:10FEE00010041FFC1F0000FC1F001FFC100400007A
:10FEF00010041FFC0C04030000E010181FFC10008D
:10FF000007F00808100410041004080807F00000A7
:10FF100010041FFC10841080108010800F0000005F
:10FF200007F0081810241024101C080A07F200001B
:10FF300010041FFC1104110011C011300E0C00043C
:10FF400000000E1C11041084108410441C380000A2
:10FF50001800100010041FFC10041000180000000E
:10FF600010001FF810040004000410041FF8100013
:10FF700010001E0011E0001C007013801C00100017
:10FF80001FC0103C00E01F0000E0103C1FC000003C
:10FF90001004180C163401C001C01634180C1004DB
:10FFA00010001C00130400FC13041C0010000000CF
:10FFB0000804101C1064108413041C0410180000A2
:10FFC0000000000000007FFE4002400240020000EE
:10FFD000000030000C0003800060001C00030000E3
:10FFE00000004002400240027FFE000000000000CE
:10FFF0000000000020004000400040002000000001
:020000040801F1
:1000000000010001000100010001000100010001E8
:100010000000400040002000000000000000000040
:1000200000000098012401440144014400FC000444
:1000300010001FFC0088010401040088007000000B
:100040000000007000880104010401040088000021
:100050000000007000880104010411081FFC000466
:10006000000000F8014401440144014400C80000BC
:100070000000010401040FFC110411041100180018
:10008000000000D601290129012901C9010600004B
:1000900010041FFC008401000100010400FC0004A6
:1000A00000000104190419FC000400040000000011
:1000B0000000000300010101190119FE0000000009
:1000C00010041FFC0024004001B4010C01040000D6
:1000D0000000100410041FFC0004000400000000D5
:1000E000010401FC0104010001FC0104010000FC09
:1000F000010401FC008401000100010400FC000473
:10010000000000F8010401040104010400F80000EB
:10011000010101FF00850104010400880070000056
:1001200000000070008801040104010501FF0001C6
:100130000104010401FC00840104010001800000AD
:10014000000000CC012401240124012401980000B6
:1001500000000100010007F8010401040000000094
:10016000010001F8000400040004010801FC00047F
:10017000010001800170000C00100160018001008D
:1001800001F0010C003001C00030010C01F0010051
:1001900000000104018C00740170018C0104000056
:1001A000010101810171000E001801600180010050
:1001B00000000184010C013401440184010C0000A1
:1001C000000000000000000001003EFC4002400270
:1001D0000000000000000000FFFF00000000000021
:1001E0000000400240023EFC010000000000000050
:1001F00000006000800080004000400020002000DF
:10020000404281FE00000121D2140814E2010000E6
:10021000080808FF09041911119771111115190027
:10022000000000000000FF000000008060000000EF
:100230004040404040407F404042414040404000BC
:100240000106F840404040FE40404241FE000000B0
:1002500000007F444444447F444444447F00000001
:10026000000106F88080808080808080C0000000CF
:100270000000001F10109070101010101F000000E0
:10028000404281FE00000121D2140814E201000066
:10029000080808FF090419111197711111151900A7
:1002A0008080FE848A6418E422A2A2FAA2A222001C
:1002B000020CF72424012739082A2AFF2A3E0800C5
:1002C0004080FE0808FC0106F89090FC9291FE0028
:1002D0002021273A2223040817E424272C3407007E
:1002E000000000FC09120418E000E01804020100FC
:1002F000020242330000000000FF00000000000086
:100300000001020CF00000000000FF0000000000EF
:10031000014141417F41414141417F414141010012
:100320000244A810688400007F424242427F0000DD
:1003300008080FF8080F0002071AE2020A06030075
:10034000000000FF22222222222222FF00000000C1
:100350000000001F113151911111111F0000000008
:1003600020C000FF0082221A8272061AE2020200F6
:1003700008080BFF090A040A32C2320A040202000A
:100380000102040830C00000FC020202020E00005C
:100390000002424242437E42434242420202000085
:1003A0004241FE8222A4A8B0A07FB0A8A4A222004D
:1003B0000808FF080907F49497909794F407000041
:1003C000800000FF00000000FF101010101000005F
:1003D0000001061FE0020CF01F1111111110100096
:1003E000106080FF806081010202E40830C00000DC
:1003F0002424257FC44400031C00FF0010080600CD
:10040000020418E0007F4242424242427F00000064
:100410000000003F24242424444444C44404040031
:10042000000204F80402FA1222028242A21A020016
:10043000020242330000FF9292939292FE0100006A
:10044000003E0202020202FE02020202023F00001D
:1004500000003E02020202FF020202023F00000010
:10046000020202FE020202FE020202020202020076
:10047000004040434040407F4141414141400000F5
:10048000408000FF0282828282FE8282828202009B
:10049000101011131C30D010101710101010100075
:1004A000000000FF22222222222222FF0000000060
:1004B0000000001F113151911111111F00000000A7
:1004C00020C000FF0082221A8272061AE202020095
:1004D00008080BFF090A040A32C2320A04020200A9
:1004E00000001A1C000000000000000000000000D6
:1004F00000000000000000000000000000000000FC
:10050000106080FF806081010202E40830C00000BA
:100510002424257FC44400031C00FF0010080600AB
:10052000020418E0007F4242424242427F00000043
:100530000000003F24242424444444C44404040010
:10054000008181828CF0808080FE8181818F00001B
:10055000083020242424A4642424242420283000C7
:100560000106F8000804F8010284681864821F007C
:1005700000001F111111111010FF109050131000E6
:10058000101810FF202000FF4242FE4242FF0000F0
:10059000131DF1171111000F0808FF08080F0000C4
:1005A0000106F890909090FE90909291FE000000CD
:1005B00004081724E4242427242C34040700000012
:1005C000000204F80412224282FA8242221202003D
:1005D0000202423300202F2929FF29292F20000061
:1005E000020CF1012132AAA4A4A4AA320101010043
:1005F00000003F2424243FA464243F24242420001A
:10060000000000FF22222222222222FF00000000FE
:100610000000001F113151911111111F0000000045
:1006200020C000FF0082221A8272061AE202020033
:1006300008080BFF090A040A32C2320A0402020047
:10064000008181828CF0808080FE8181818F00001A
:10065000083020242424A4642424242420283000C6
:100660000106F8000804F8010284681864821F007B
:1006700000001F111111111010FF109050131000E5
:100680008080FE848800FF9292929292FF00000088
:10069000020CF724261212FE121212FE121202008F
:1006A0000000FE042921222428F0282422212100F0
:1006B0000242330000017949494949497901000062
:1006C000800000FF0000000000C0300804021F008E
:1006D0000001061FE0040404FE05088868080800FD
:1006E0004080FE0808FC0010101010121102FC00DF
:1006F0002021273A222300404F4141417F01010040
:100700000000F810101010FE11111111F9010F0066
:1007100000001F11111111FF111111111F00000014
:100720000106F80202020202FE0202221A0202007E
:1007300000007F40414141415F4141414141400012
:10074000000204F80402028202120AF2020202000B
:100750000202423300101211101010FF101010008E
:10076000800000FF0000FF02040082710C021F00E5
:100770000001061FE0003F2121217F41C14101000E
:100780000000FF000181A29488F48282818101002F
:1007900001061FE02027242424FF242424272000EE
:1007A00000FF48484A49FE00007E11112141070020
:1007B000103352921252331800FE111121410700DA
:1007C0000001020CF00000000000FF00000000002B
:1007D000014141417F41414141417F41414101004E
:1007E000818182828488B0C0B088848282818100C5
:1007F000000008886808080F080828C808000000DA
:10080000818182828488B0C0B088848282818100A4
:10081000000008886808080F080828C808000000B9
:1008200000FF001020408804F800000201FE0000D4
:10083000001F8044044444455F444444407F00001A
:100840001018122122FC00FE0A126282621A0200B3
:10085000405F41417F01007F40484641465840008B
:10086000083CC808281D020C7080020102FC000030
:10087000022223222222020808FF0808080F000093
:1008800044E644484848020204C8302844821F0015
:10089000040C35C60418010909FF0992521202001E
:1008A000020CF1010202C428102844820201010056
:1008B00000003F2424272424444444C5460000006B
:1008C000202241FE804141526AC4444A72414000A4
:1008D000080808FF080A222AA66322262A22020004
:1008E0001018122122FC00FE0A126282621A020013
:1008F000405F41417F01007F4048464146584000EB
:10090000083CC808281D020C7080020102FC00008F
:10091000022223222222020808FF0808080F0000F2
:10092000202241FE800001F1020CF00804F30000D7
:10093000080808FF080900037A4A4A4A7A030000B7
:10094000101810E0202810204080FF0000C0300068
:10095000040404FF04042020202127382120200043
:1009600044E644484A1CE0FF90FE90FC91FF0000E2
:10097000040C35C60C003F24A4642424243C00004D
:100980004080FE0808FC0010101010121102FC003C
:100990002021273A222300404F4141417F0101009D
:1009A00010102F2949498F00804F4929291F100015
:1009B000010179494949790701794D4B497901008C
:1009C000202241FE800001F1020CF00804F3000037
:1009D000080808FF080900037A4A4A4A7A03000017
:1009E000101810E0202810204080FF0000C03000C8
:1009F000040404FF040420202021273821202000A3
:100A00000000F810101010FE11111111F9010F0063
:100A100000001F11111111FF111111111F00000011
:100A200020207E820CF004C89281FE8090C80400D1
:100A300008064031007F404F4A5A6A4A4A4F4000F8
:100A400008102040800000FF0000008040300000BF
:100A5000004040404041424F704241404040000011
:100A6000106080FF00C1062026312D2123E80600FA
:100A70002424257FC544102949C94959690F00001C
:100A800001020478040202FE222222222202020033
:100A9000083022222222A26322222222222830008F
:100AA00020207E80027E42427E427E42427E0200C2
:100AB0000806403100007F49494949497F0000004C
:100AC000020CF1012132AAA4A4A4AA32010101005E
:100AD00000003F2424243FA464243F242424200035
:100AE000000204F80402028202120AF20202020068
:100AF0000202423300101211101010FF10101000EB
:100B0000007F40405E52525252525E40417F000090
:100B1000202020202F29A96929292F2020202000EA
:100B20000000F810101010FE11111111F9010F0042
:100B300000001F11111111FF111111111F000000F0
:100B400020C000FF00C106F8000000FC02021E00E9
:100B500008080BFF0908007F4040407F00000000AC
:100B600044E644484848020204C8302844821F0032
:100B7000040C35C60418010909FF0992521202003B
:100B8000202241FE804141526AC4444A72414000E1
:100B9000080808FF080A222AA66322262A22020041
:100BA0008080FE848800FF9292929292FF00000063
:100BB000020CF724261212FE121212FE121202006A
:100BC0001020C000000201FE000000000080700044
:100BD00000000007000000FF000000040201000008
:100BE00010109090909090FF909090909010100026
:100BF000001011121418F01710101010101000002F
:100C0000020202FE020202FE0202020202020200CE
:100C1000004040434040407F41414141414000004D
:100C200000007C40404040FF4040484478000000C5
:100C300004181057351515F51515355710141800EB
:100C40006800000476005401F7FD000175191A0CC4
:100C50006A231B1C1F207274433B4138393A6B6C6A
:100C6000376F06246D6E70008300000000080000DE
:100C70000001001832000500000020410000D242AF
:100C8000295C0F3E9A99993E3333733F295C0F3E9E
:100C900000007000000000240000000200030000BB
:100CA00000650054FFEF0000FA80000B1282000183
:100CB000030C30C30E8C8CE914D5400213710F8ED7
:100CC0003883F8833000F883258EF8833000F8836A
:100CD000FFFFFFFF0FFEA9D6240004001A8279A1AE
:100CE0000000003CFFFF00000010000038836FA2EE
:100CF000003E03304000000002CAE3093E800000CD
:100D00002000000000000000400000006000000023
:100D1000000C0000000C186E000006920A16C0DFDE
:100D2000FFFF0256FD8CD377FFE1C496E0C5BEAA53
:100D300000000000FFFF0B2B0000165700000359B6
:100D40004000000000001DFA00026C1D00000000C1
:100D50003FFFDFEB003EB3B6000D227800002F3CD2
:100D600000000000001942B5000039A20000B36580
:100D7000D90E9FC91DCF4C34300000005000000038
:100D80003BB67AE80064000000C8000000000000E4
:100D9000100000001000FA921000225E000D229F49
:100DA0000001000000320000FF46000063D4000094
:100DB0001000000004D6000004CC000004CC0000A9
:100DC0000000107200000040000000000000000061
:100DD000000600020005000700000000006400009B
:100DE0000000000000000005000500640020000075
:100DF00000000000000000000000400000000300B0
:100E000000000032F8980000FF650000830F00002A
:100E1000FF9BFC000000000000000000000000003C
:100E200000000000000000000000000000000000C2
:100E300000000000000000000000000000001000A2
:100E400040000000000000060000B26A000200003E
:100E50000001FB830068000000D9FC007CF1FF83E7
:100E60000000000000650000006403E80064002842
:100E7000000000250000000016A000000000100087
:100E800000001000002F0000000001F4000010001E
:100E900000280000FFFF4581FFFFFA7200000000FC
:100EA00000000000004400050005BAC6004778A213
:100EB0000000000100000000000006000000001417
:100EC0000000254D002F706D000005AE000C02D013
:100ED0000000000000000000000000000000000012
:100EE000001B0000000000000000000000000000E7
:100EF0000064000000080000000000000000000086
:100F000000000000000000000000000000000000E1
:100F100000000000000000000000000000000000D1
:100F200000000000000000000000000000000000C1
:100F300000000000000000000000000000000000B1
:100F400000000000000000000000000000000000A1
:100F5000001B00000000000000000000000E000E5A
:100F600000000AC70004000000000032FFFFFF9CE1
:100F700000000B2B000000020000000100000064D4
:100F8000FFE500000000000000000000000000007D
:100F9000000000010000000000010000000000004F
:100FA000000180000001800000018000002426D3A1
:100FB0000000000000000000000600100096003C49
:100FC0000000000000000000000000000000000021
:100FD0000C0A4E68CDCF770950166759C619CE82D4
:100FE0000000000000000000000000000000000001
:100FF000000000000000000017D78400030000007C
:101000000000000000000000C7938F9D1E1B1C19EC
:1010100000000000000000000000000000000000D0
:1010200000000000000000000203188500004000DE
:1010300000000003000000030000000000000000AA
:101040004000000000000000000000000000000060
:101050000000000000000000000000000000000090
:101060000000000000000000000000000000000080
:1010700000000000677DDF7E72902E554CF6E688FA
:101080000000000000000000000000000000000060
:10109000D8DCB4B8B0D8B9ABF3F8FAB3B7BB8E9E0E
:1010A000AEF132F51BF1B4B8B08097F1A9DFDFDF04
:1010B000AADFDFDFF2AAC5CDC7A90CC92C97F1A919
:1010C00089264666B28999A92D557DB0B08AA89621
:1010D000365676F1BAA3B4B280C0B8A89711B283DD
:1010E00098BAA3F0240844106418B2B9B49883F1F4
:1010F000A329557DBAB5B1A38393F0002850F5B26A
:10110000B6AA839328547CF1B9A3829361BAA2DA78
:10111000DEDFDB819AB9AEF5606870F1DABAA2DF82
:10112000D9BAA2FAB9A38292DB31BAA2D9BAA2F88B
:10113000DF85A4D0C1BBAD83C2C5C7B8A2DFDFDFE6
:10114000BAA0DFDFDFD8D8F1B8AAB38DB4980D35D7
:101150005DB2B6BAAF8C96198F9FA70E161EB49AC1
:10116000B8AA872C547CBAA4B08AB691325676B20B
:101170008494A4C808CDD8B8B4B0F19982A82D55EC
:101180007D98A80E161EA22C547C92A4F02C5078A8
:10119000F184A898C4CDFCD80DDBA8FC2DF3D9BAF6
:1011A000A6F8DABAA6DED8BAB2B68696A6D0F3C842
:1011B00041DAA6C8F8D8B0B4B882A892F52C548801
:1011C00098F135D9F418D8F1A2D0F8F9A884D9C784
:1011D000DFF8F883C5DADF69DF83C1D8F40114F1E1
:1011E000A8824EA884F311D182F5D992289788F16C
:1011F00009F41C1CD884A8F3C0F9D1D99782F1292D
:10120000F40DD8F3F9F9D1D982F4C203D8DEDF1A8C
:10121000D8F1A2FAF9A88498D9C7DFF8F8F883C7FB
:10122000DADF69DFF883C3D8F40114F198A8822EBD
:10123000A884F311D182F5D992509788F109F41C52
:10124000D884A8F3C0F8F9D1D99782F149F40DD820
:10125000F3F9F9D1D982F4C403D8DEDFD8F1AD882F
:1012600098CCA809F9D98292A8F57CF1883ACF9454
:101270004A6E98DB6931DAADF2DEF9D88795A8F2CB
:1012800021D1DAA5F9F417D9F1AE8ED0C0C3AE8260
:10129000C684C3A88595C8A588F2C0F1F4010EF1F3
:1012A0008E9EA8C63E56F554F18872F40115F19849
:1012B00045856EF58E9E0488F142985A8E9E06886A
:1012C00069F4011CF1981E1108D0F504F11E970273
:1012D00002983625DBF9D985A5F3C1DA85A5F3DFB8
:1012E000D88595A8F309DAA5FAD88292A8F578F1FD
:1012F000881A849F26889821DAF41DF3D8879F39AD
:10130000D1AFD9DFDFFBF9F40CF3D8FAD0F8DAF972
:10131000F9D0DFD9F9D8F40BD8F3879F39D1AFD9F9
:10132000DFDFF41DF3D8FAFCA869F9F9AFD0DADEF3
:10133000FAD9F88F9FA8F1CCF398DB45D9AFDFD06D
:10134000F8D8F18F9FA8CAF38809DAAF8FCBF8D805
:10135000F2AD978D0CD9A5DFF9BAA6F3FAF412F223
:10136000D8950DD1D9BAA6F3FADAA5F2C1BAA6F387
:10137000DFD8F1BAB2B68696A6D0CAF349DAA6CBC0
:10138000F8D8B0B4B8D8AD84F2C0DFF18FCBC3A821
:10139000B2B68696C8C1CBC3F3B0B48898A821DB97
:1013A000718D9D71859521D9ADF2FAD88597A828C0
:1013B000D9F408D8F28D29DAF405D9F285A4C2F25D
:1013C000D8A88D9401D1D9F411F2D88721D8F40A84
:1013D000D8F28498A8C801D1D9F411D8F3A4C8BB15
:1013E000AFD0F2DEF8F8F8F8F8F8F8F8D8F1B8F677
:1013F000B5B9B08A95A3DE3CA3D9F8D85CA3D9F8D7
:10140000D87CA3D9F8D8F8F9D1A5D9DFDAFAD8B1C0
:101410008530F7D9DED8F830ADDADED8F2B48C9961
:10142000A32D557DA083DFDFDFB591A0F629D9FB81
:10143000D8A0FC29D9FAD8A0D051D9F8D8FC51D9D4
:10144000F9D879D9FBD8A0D0FC79D9FAD8A1F9F983
:10145000F9F9F9A0DADFDFDFD8A1F8F8F8F8F8AC8D
:10146000DEF8ADDE8393AC2C547CF1A8DFDFDFF631
:101470009D2CDAA0DFD9FADB2DF8D8A850DAA0D05D
:10148000DED9D0F8F8F8DB55F8D8A878DAA0D0DFA4
:10149000D9D0FAF8F8F8F8DB7DF8D89CA88CF530AC
:1014A000DB38D9D0DEDFA0D0DEDFD8A848DB58D9C2
:1014B000DFD0DEA0DFD0DED8A868DB70D9DFDFA008
:1014C000DFDFD8F1A888902C547C98A8D05C38D164
:1014D000DAF2AE8CDFF9D8B087A8C1C1B188A8C64E
:1014E000F9F9DA36D8A8F9DA36D8A8F9DA36D8A868
:1014F000F9DA36D8A8F9DA36D8F78D9DADF818DACA
:10150000F2AEDFD8F7ADFA30D9A4DEF9D8F2AEDE0C
:10151000FAF983A7D9C3C5C7F1889BA77AADF7DECF
:10152000DFA4F8849408A797F300AEF29819A48872
:10153000C6A39488F632DFF28393DB09D9F2AADFDF
:10154000D8D8AEF8F9D1DAF3A4DEA7F1889B7AD81F
:10155000F38494AE19F9DAAAF1DFD8A881C0C3C523
:10156000C7A39283F628ADDED9F8D8A350ADD9F839
:10157000D8A378ADD9F8D8F8F9D1A1DADEC3C5C7B8
:10158000D8A18194F818F2B089ACC3C5C7F1D8B816
:10159000B4B09786A8319B069907AB9728889BF033
:1015A0000C201440B0B4B8F0A88A9A285078B79BA1
:1015B000A8295179247059446938644831F1BBAB8A
:1015C00088002C547CF0B38BB8A804285078F1B074
:1015D00088B49726A85998BBABB38B02264666B051
:1015E000B8F08A9CA82951798B2951798A2470599D
:1015F0008B2058718A4469388B3940688A64483135
:101600008B30496088F1AC002C547CF08CA8042805
:101610005078F1889726A85998AC8C02264666F037
:10162000899CA8295179247059446938644831A9A2
:101630008809205970AB11384069A8193148608C6D
:10164000A83C415C207C00F187981986A86E767EC4
:10165000A999882D557DD8B1B5B9A3DFDFDFAED00C
:10166000DFAAD0DEF2ABF8F9D9B087C4AAF1DFDF88
:10167000BBAFDFDFB9D8B1F1A3978E60DFB084F2E2
:10168000C8F8F9D9DED89385F14AB183A308B583A8
:101690009A0810B79F10D8F1B0BAAEB08AC2B2B6ED
:1016A0008E9EF1FBD9F41DD8F9D90CF1D8F8F8AD1C
:1016B00061D9AEFBD8F40CF1D8F8F8AD19D9AEFB6E
:1016C000DFD8F416F1D8F8AD8D61D9F4F4ACF59CFF
:1016D0009C8DDF2BBAB6AEFAF8F40BD8F1AED0F889
:1016E000AD51DAAEFAF8F1D8B9B1B6A3839C08B916
:1016F000B1839AB5AAC0FD3083B79F10B58B93F222
:101700000202D1ABDADED8F1B080BAABC0C3B2848A
:10171000C1C3D8B1B9F38BA391B609B4D9ABDEB0CC
:10172000879CB9A3DDF1B38B8B8B8B8BB087A3A385
:10173000A3A3B28BB69BF2A3A3A3A3A3A3A3A3A328
:10174000A3F1B087B59AA3F39BA3A3DCBAACDFB92E
:10175000A3A3A3A3A3A3A3A3A3A3A3A3A3A3A3A359
:10176000D8D8D8BBB3B7F1AAF9DAFFD9809AAA289A
:10177000B48098A720B79787A86688F07951F19030
:101780002C870CA781976293F07171608594012971
:10179000517990A5F1284C6C870C95188578A38316
:1017A00090284C6C886CD8F3A28200F210A8921991
:1017B00080A2F2D926D8F188A84DD948D896A83960
:1017C00080D93CD89580A839A68698D92CDA87A7E5
:1017D0002CD8A8899519A980D938D8A88939A98081
:1017E000DA3CD8A82EA83990D90CD8A8953198D928
:1017F0000CD8A809D9FFD801DAFFD89539A9DA267B
:10180000FFD890A80D8999A810809821DA2ED88940
:1018100099A83180DA2ED8A886963180DA2ED8A8F9
:10182000873180DA2ED8A88292F34180F1D92ED860
:10183000A882F31980F1D92ED882ACF3C0A28022FD
:10184000F1A62EA72EA92298A829DAACDEFFD8A2ED
:10185000F22AF1A92E8292A8F23180A696F1D9003F
:10186000AC8C9C0C30ACDED0DEFFD88C9CACD010A5
:10187000ACDE8092A2F24C82A8F1CAF235F19688D1
:10188000A6D900D8F1FF000043415231000000000A
:101890004341523200000000434152330000000037
:1018A0004341523400000000301B0108381B01087E
:1018B000401B01085C1B0108555555555555C53F42
:1018C0007D6FEB0312D6D4BF5544880E55C1C93F76
:1018D0003B8F68B52882A4BF88B20175E0EF493F0D
:1018E00009F7FD0DE13D023F4B2D8A1C273A03C04D
:1018F000C88A599CE52A004059018D1B6C06E6BF39
:1019000082922EB1C5B8B33F000000000000F03F46
:10191000000000000000F83F000000000000000090
:101920000000004003B8E23F00000000000000009B
:1019300006D0CF43EBFD4C3E033333333333E33F29
:10194000FFAB6FDBB66DDB3F4D268F515555D53F55
:1019500001411DA96074D13F65DBC9934A86CD3F23
:10196000EF4E454A287ECA3F3E5555555555C53F11
:1019700093BDBE166CC166BF2CDE25AF6A56113F03
:10198000F16BD2C541BDBBBED0A4BE726937663E05
:101990004FBB610567ACDD3F182D4454FB21E93F87
:1019A0009BF681D20B73EF3F182D4454FB21F93F76
:1019B000E2652F227F2B7A3C075C143326A6813CFC
:1019C000BDCBF07A8807703C075C143326A6913CA7
:1019D000C4EB98999999C9BF711623FEC671BCBF13
:1019E0006D9A74AFF2B0B3BF9AFDDE522DDEADBF7B
:1019F0002F6C6A2C44B4A2BF0D5555555555D53F93
:101A0000FF8300922449C23F6E204CC5CD45B73FAD
:101A1000513DD0A0660DB13FEB0D76244B7BA93F25
:101A200011DA22E33AAD903F000000000000000010
:101A3000000000006E83F9A22915444ED15727FCFF
:101A4000C0DD34F5999562DB4190433CAB6351FEB8
:101A500000404040404040404040414141414140C1
:101A60004040404040404040404040404040404076
:101A70004005020202020202020202020202020205
:101A8000022020202020202020202002020202020A
:101A90000202909090909090101010101010101062
:101AA000101010101010101010101010020202026E
:101AB00002028888888888880808080808080808B2
:101AC00008080808080808080808080802020202AE
:101AD00040000000511A01085BB1E0B6D35D20B8A8
:101AE000FACBE6D5DFC4A3CABD202D20C4BFB1EA1E
:101AF00028252E32662C252E32662C252E3166297D
:101B000020B5B1C7B0CEBBD6C328252E32662C2552
:101B10002E32662C252E3166290D0A0037383A31CF
:101B2000633A33633A38613A61353A303000000045
:101B30004341523100000000434152320000000096
:101B4000434152330000000037383A31633A33637F
:101B50003A38613A39653A3734000000434152342B
:101B60000000000037383A31633A33633A38613A5B
:101B700039653A343900000037383A31633A336313
:101B80003A38613A39653A3766000000AC1B010803
:101B900000000020AC02000084160008281C010888
:101BA000AC020020F468000024A6000801143201F1
:101BB00082108B24F4183B2D321CA123FA434B2FA7
:101BC00044040132C94C0110032E803F5AFF041215
:101BD000011E4C0C0108400401200A196824999C3C
:101BE000C00A3F9A99993ECDCC4C3DE8098FC2F589
:101BF0003D6F12833A1801586D434152309B1901D1
:101C00009905211E1C1B010864041A48041A780453
:101C1000013F3D3F6666E6F405109A99193E056C52
:081C20006666863F1AAA0181E5
:040000050800018965
:00000001FF
